Country,year,avg_temp_mean_f,avg_temp_max_f,avg_temp_min_f,total_precip_mm,avg_sunshine_hrs,total_radiation_mj
Albania,1995,56.510574,65.48846,47.232758,1041.9,3523.9133,5675.8496
Albania,1996,56.866665,65.52483,48.08008,1139.2001,3396.9395,5519.93
Albania,1997,57.15496,66.38944,47.63172,747.4,3558.201,5862.1396
Albania,1998,57.61448,66.660675,48.331005,973.6,3541.2886,5808.33
Albania,1999,58.16421,67.41618,48.694458,937.4,3542.5745,5697.7
Albania,2000,57.95542,68.0827,47.799995,708.19995,3690.7256,6038.2
Albania,2001,58.178013,67.3824,48.798267,896.30005,3608.0623,5790.84
Albania,2002,58.17682,67.38018,49.165913,961.1,3453.3906,5548.96
Albania,2003,58.73055,68.085884,48.967663,843.60004,3557.8384,5875.24
Albania,2004,57.80454,67.0536,48.397785,1117.7999,3490.2627,5662.66
Albania,2005,56.61234,65.69928,47.394264,1181.7,3510.1665,5671.34
Albania,2006,57.45334,67.00292,48.17912,846.6,3550.1453,5749.5303
Albania,2007,59.187084,68.725006,49.474865,759.1,3584.9473,5855.87
Albania,2008,58.86754,68.10434,49.42221,819.4,3600.883,5795.7397
Albania,2009,58.806625,67.76707,49.59421,1109.2,3490.5254,5683.76
Albania,2010,58.50443,67.023636,49.7032,1507.9,3380.905,5506.5
Albania,2011,58.314987,68.34355,48.260735,692.0,3685.206,6005.77
Albania,2012,59.26296,68.98541,49.29901,1052.4,3619.9673,6018.0703
Albania,2013,59.217545,68.51615,49.86175,978.69995,3529.2537,5671.8896
Albania,2014,58.76318,67.72095,49.717743,1062.6,3497.2283,5595.43
Albania,2015,59.117657,68.94224,49.447742,890.4,3626.87,5903.4
Albania,2016,59.186028,68.27813,50.25993,1164.2,3526.2593,5660.3203
Albania,2017,59.91815,70.18336,49.952354,1157.4001,3619.7397,5894.61
Albania,2018,61.076435,70.721146,51.98019,1695.2,3343.431,5438.6104
Albania,2019,60.835526,70.69303,51.48679,1427.2,3475.16,5745.3496
Albania,2020,60.587337,70.758156,50.994553,1242.8,3482.7048,5759.95
Algeria,1995,76.18599,88.58697,62.106754,25.5,3995.4739,8096.6895
Algeria,1996,76.33426,88.64459,62.47672,43.0,3967.6055,8047.9297
Algeria,1997,76.06466,88.25952,62.053734,24.400002,3942.3123,7981.21
Algeria,1998,76.38002,88.68905,62.593735,14.200001,3931.1338,8026.87
Algeria,1999,77.131386,89.14324,63.553654,50.899998,3962.4995,8054.26
Algeria,2000,76.04504,88.42081,62.21336,8.6,3994.9934,8144.6797
Algeria,2001,78.28825,90.70948,64.22311,16.1,3991.2283,8162.3296
Algeria,2002,77.4104,89.55527,63.60247,22.5,3989.742,8089.07
Algeria,2003,76.59256,88.612114,63.057793,40.200005,3974.4028,8022.51
Algeria,2004,75.79713,87.87417,62.14499,53.400005,3963.2986,8077.52
Algeria,2005,77.1194,89.18368,63.435543,12.2,3980.5173,8061.84
Algeria,2006,76.9281,88.77807,63.194885,25.900002,3943.021,7958.95
Algeria,2007,76.79551,88.987404,62.758945,3.7,4015.3884,8187.5703
Algeria,2008,75.997536,87.82573,62.696796,31.300001,4002.581,8112.18
Algeria,2009,76.02687,88.02379,62.647243,36.1,3953.5955,8025.66
Algeria,2010,79.05418,91.041374,65.57706,7.9000006,3962.0923,7985.01
Algeria,2011,76.09874,88.05979,62.590034,22.899998,3950.213,8080.47
Algeria,2012,76.0996,88.097946,62.514584,9.2,3988.7388,8090.8506
Algeria,2013,76.65495,88.75044,62.808502,12.299999,4001.1416,8165.54
Algeria,2014,77.73257,89.68817,63.918343,19.300001,3996.5178,8074.03
Algeria,2015,77.18769,89.166916,63.616776,12.299999,3996.737,8094.25
Algeria,2016,78.23048,90.08966,64.616714,11.4,3974.7505,8053.6504
Algeria,2017,76.94369,88.6979,64.364365,35.4,3859.5684,7704.13
Algeria,2018,77.25161,88.6005,64.91497,28.700003,3718.976,7309.21
Algeria,2019,76.84364,88.49793,64.03766,27.5,3810.359,7534.1
Algeria,2020,78.361595,89.843,66.292015,13.2,3824.0874,7502.0303
Australia,1995,74.28739,75.4594,73.06097,796.60004,3564.5066,6533.05
Australia,1996,74.213326,75.390816,72.96844,1789.2,3406.064,6338.33
Australia,1997,74.35655,75.52795,73.1046,1230.0999,3550.165,6483.52
Australia,1998,76.90667,78.16359,75.45027,1867.0,3433.3025,6334.7197
Australia,1999,75.48245,76.713234,74.11408,1778.6,3327.7244,6039.3203
Australia,2000,74.89625,76.11648,73.5259,1342.0,3336.83,6172.37
Australia,2001,75.54472,76.77044,74.17918,1433.3,3506.5156,6361.65
Australia,2002,74.614685,75.71535,73.43107,1346.6001,3500.021,6447.04
Australia,2003,75.09436,76.321915,73.79131,991.10004,3486.3062,6373.91
Australia,2004,75.33302,76.50722,74.096886,1453.4,3486.6746,6420.29
Australia,2005,74.78868,76.06301,73.47767,1288.2001,3415.476,6260.63
Australia,2006,75.26113,76.504875,73.890434,1017.4,3554.4968,6484.0
Australia,2007,75.16216,76.38776,73.85641,1155.2999,3549.8384,6426.16
Australia,2008,74.93512,76.2077,73.57877,1511.5,3399.3066,6322.96
Australia,2009,75.173744,76.36482,73.85444,1288.1,3536.4822,6506.53
Australia,2010,75.35338,76.609924,73.91929,1422.5,3358.9805,6207.85
Australia,2011,74.439735,75.59155,73.15096,1258.2,3318.9978,6207.8496
Australia,2012,74.56192,75.81082,73.19935,1521.7999,3279.444,6106.98
Australia,2013,74.82636,76.03909,73.495674,1581.0999,3400.0215,6270.9897
Australia,2014,74.629036,75.8623,73.2708,1564.2001,3365.1406,6210.8
Australia,2015,75.80424,76.92406,74.610435,685.19995,3560.482,6627.04
Australia,2016,76.70913,77.99049,75.351234,1429.5,3440.0469,6325.25
Australia,2017,75.541,76.80521,74.200134,1381.1,3376.986,6520.84
Australia,2018,75.77068,77.03921,74.40627,1448.6,3405.0923,6525.6597
Australia,2019,76.16898,77.46208,74.804245,1279.6001,3483.2178,6648.58
Australia,2020,76.49443,77.81885,75.04016,1583.0,3333.328,6451.63
Austria,1995,39.291405,47.418087,31.50436,1411.8,2750.0417,4380.95
Austria,1996,37.936886,45.882317,30.489119,1529.6001,2730.0828,4242.5703
Austria,1997,39.912407,48.33017,31.944746,1446.9,2904.341,4531.6196
Austria,1998,39.368805,47.824936,31.243483,1489.8,2858.3838,4346.89
Austria,1999,40.009834,48.202686,32.451454,1424.2,2723.2527,4256.88
Austria,2000,41.4865,50.117725,33.519615,1358.6001,2965.3308,4518.69
Austria,2001,39.74795,48.068794,31.668825,1300.8999,2832.6667,4400.63
Austria,2002,41.57882,49.64367,33.842636,1383.1,2846.782,4366.8804
Austria,2003,40.475117,49.82836,31.24644,1092.5999,3171.6711,4800.05
Austria,2004,39.81825,47.870186,32.19371,1453.2999,2755.0403,4318.04
Austria,2005,39.105198,47.39244,31.184797,1441.0,2891.3728,4464.21
Austria,2006,40.786133,49.234604,33.197346,1368.1001,2914.7908,4468.75
Austria,2007,41.593315,49.834034,33.69494,1513.0,2946.915,4487.75
Austria,2008,41.3754,49.508137,33.836826,1420.0,2841.3374,4326.2803
Austria,2009,40.675022,48.797672,33.119675,1587.8999,2907.6633,4426.73
Austria,2010,39.301636,47.109867,31.829346,1365.1001,2691.6648,4300.4297
Austria,2011,41.899143,50.937206,33.518387,1152.1,3047.9177,4577.74
Austria,2012,40.866352,49.31904,32.737396,1566.6,2851.3079,4442.21
Austria,2013,40.99305,48.969784,33.574608,1470.9,2697.436,4321.3604
Austria,2014,43.318413,51.137424,36.251183,1563.8999,2820.3152,4299.7695
Austria,2015,42.704346,51.085648,34.772964,1277.1,2882.1294,4443.85
Austria,2016,41.983925,50.162792,34.23919,1515.6001,2820.9155,4338.42
Austria,2017,41.837547,50.380577,34.178783,1566.8,2900.4211,4522.75
Austria,2018,43.619698,51.586086,36.727947,1287.3,2979.1677,4652.2197
Austria,2019,43.3257,51.445038,36.341316,1444.8999,2759.0823,4535.92
Austria,2020,43.13256,51.96268,35.43219,1418.8,2936.3472,4602.7197
Belize,1995,80.63223,81.68198,79.463776,2012.3,3403.1692,6786.1504
Belize,1996,80.50397,81.451065,79.356964,1443.1,3566.2917,7008.08
Belize,1997,80.653534,81.597145,79.51186,1723.6,3493.175,6956.9404
Belize,1998,81.50159,82.602684,80.25603,2069.0,3482.395,6849.5796
Belize,1999,80.71883,81.808464,79.40904,2270.2,3379.1162,6684.79
Belize,2000,80.38763,81.41984,79.14008,1586.5,3495.9097,6926.78
Belize,2001,80.66757,81.76236,79.34617,2056.1,3395.9036,6710.6797
Belize,2002,80.7483,81.79885,79.564384,2288.2,3437.2517,6794.4497
Belize,2003,80.63684,81.635124,79.47661,1830.4999,3536.2034,6860.2397
Belize,2004,80.38923,81.40828,79.21508,1885.6,3446.0227,6818.37
Belize,2005,81.07914,82.180786,79.793205,2247.3,3329.0396,6658.3896
Belize,2006,80.81831,81.8817,79.55945,2205.0,3452.5662,6834.9
Belize,2007,80.45382,81.51479,79.195015,2200.5999,3471.3892,6782.5103
Belize,2008,80.40681,81.42623,79.25615,2160.2002,3434.6477,6755.3
Belize,2009,80.91533,81.91178,79.79321,1925.2,3482.5342,6862.81
Belize,2010,81.24954,82.2957,80.027695,1890.4,3497.015,6894.54
Belize,2011,80.53452,81.55524,79.36293,1777.2,3491.33,6838.47
Belize,2012,80.62265,81.58361,79.52295,2026.0,3523.454,6949.34
Belize,2013,80.150314,81.19598,78.9731,2117.2002,3413.6711,6705.0
Belize,2014,80.699745,81.72192,79.49831,1828.6,3479.7773,6865.05
Belize,2015,80.94645,81.976875,79.75055,1709.8999,3497.9746,6760.9404
Belize,2016,81.22219,82.25049,80.03492,1827.4001,3534.676,6875.02
Belize,2017,81.13915,82.16181,79.89431,2168.7998,3509.9368,6894.7803
Belize,2018,80.64232,81.689865,79.41619,2205.8,3480.7034,6928.84
Belize,2019,81.06807,82.13395,79.8578,1734.1001,3530.9153,6983.41
Belize,2020,81.26459,82.34492,80.01524,1697.5,3607.2312,7008.84
Brazil,1995,79.66423,80.55488,78.743286,38.399998,3934.824,7767.41
Brazil,1996,79.546814,80.46107,78.57524,55.899998,3922.5593,7729.07
Brazil,1997,80.182755,81.07934,79.21844,122.2,3910.9297,7689.2695
Brazil,1998,80.90474,81.809204,79.99909,19.099998,3916.4233,7769.3105
Brazil,1999,79.753296,80.69074,78.78939,22.300001,3898.4944,7774.58
Brazil,2000,79.45422,80.39418,78.50811,11.0,3939.5671,7904.2603
Brazil,2001,79.53181,80.486084,78.59854,5.7999997,3919.8206,7852.5
Brazil,2002,79.8114,80.717125,78.875206,20.8,3943.324,7843.44
Brazil,2003,80.11261,81.06011,79.14496,14.600002,3894.0671,7713.67
Brazil,2004,79.70018,80.65975,78.72106,36.100002,3907.6025,7762.95
Brazil,2005,79.74239,80.59655,78.85671,5.6000004,3913.917,7711.98
Brazil,2006,79.726364,80.64266,78.79433,57.699997,3891.0627,7673.3
Brazil,2007,80.51542,81.51849,79.479805,87.2,3878.225,7700.04
Brazil,2008,78.733696,79.75434,77.731064,106.70001,3911.7644,7852.16
Brazil,2009,79.75209,80.70652,78.79013,8.0,3933.25,7831.7197
Brazil,2010,80.25867,81.213974,79.27836,32.4,3881.5425,7737.1704
Brazil,2011,79.33851,80.301636,78.36455,9.5,3936.041,7843.23
Brazil,2012,79.72698,80.71508,78.735825,14.4,3943.9316,7844.16
Brazil,2013,79.65348,80.609375,78.69299,17.4,3901.5483,7713.02
Brazil,2014,79.73204,80.64018,78.8069,15.900001,3930.804,7770.1504
Brazil,2015,79.98346,80.92474,79.01723,113.2,3921.4473,7749.17
Brazil,2016,80.03025,80.92164,79.12041,9.6,3929.189,7813.38
Brazil,2017,80.01929,81.09661,79.02068,38.0,3930.6672,7904.36
Brazil,2018,79.30824,80.521095,78.17838,96.90001,3866.5063,7927.1997
Brazil,2019,80.38656,81.40013,79.43863,46.6,3893.7795,7899.81
Brazil,2020,80.25028,81.23393,79.325,166.3,3896.6733,7908.05
Canada,1995,27.147503,34.789345,19.21688,623.7,2763.1418,4082.96
Canada,1996,23.025867,31.088627,14.666083,682.6,2891.2205,4154.1
Canada,1997,26.417097,35.048744,17.763073,597.9,2868.6433,4155.34
Canada,1998,25.514727,33.68469,17.130606,605.5,2783.2861,3962.8499
Canada,1999,24.440948,32.70603,16.031374,528.2,2924.7908,4232.17
Canada,2000,23.67455,32.058216,15.335673,501.39996,2926.7756,4095.83
Canada,2001,24.949564,33.148144,16.667292,548.9,2866.2427,4128.6
Canada,2002,28.175682,36.52672,19.387758,504.00003,2905.3567,4182.99
Canada,2003,27.02917,35.071922,18.215292,478.50003,2897.9604,4217.7803
Canada,2004,26.763838,34.492886,18.958544,522.4,2845.0647,4027.0898
Canada,2005,25.851578,34.371403,17.12025,525.7,2996.4102,4233.5703
Canada,2006,24.351156,32.662884,15.684688,631.4,2965.0706,4222.27
Canada,2007,29.941359,37.687344,21.99258,555.0,2854.099,4160.7
Canada,2008,26.67512,34.767067,18.459364,677.9,2869.9866,4059.3198
Canada,2009,23.243412,31.411757,15.206826,573.0,2818.0469,4093.0898
Canada,2010,22.71151,30.849321,14.351456,579.9,2781.15,4057.34
Canada,2011,27.285002,35.74285,18.828524,455.5,2944.8062,4163.74
Canada,2012,23.497467,31.242065,15.26633,544.60004,2808.4817,4030.08
Canada,2013,25.591984,33.74066,16.94592,460.09998,2962.3145,4175.4
Canada,2014,27.465546,35.68022,18.922224,435.6,3042.8928,4360.0
Canada,2015,29.14956,37.335236,20.749102,447.1,2957.5398,4261.74
Canada,2016,26.136196,34.35297,17.29184,334.0,3057.43,4428.7803
Canada,2017,27.923182,35.268738,20.355104,585.19995,2656.7683,4008.7598
Canada,2018,26.31982,33.541477,18.974054,593.7001,2515.6584,3881.56
Canada,2019,28.320244,35.76115,20.565205,556.9,2692.078,3997.0
Canada,2020,30.529362,37.630173,23.096891,596.2,2571.579,3891.8398
Chile,1995,12.856944,20.78277,5.054469,673.2,3776.398,7702.469
Chile,1996,12.687182,20.45294,5.180482,599.8,3791.67,7728.7197
Chile,1997,13.023023,20.831593,5.3338385,618.30005,3745.062,7808.7
Chile,1998,15.655523,24.038057,7.186605,669.5,3769.3516,7688.2803
Chile,1999,14.1136265,21.759209,6.223481,613.30005,3738.873,7728.9297
Chile,2000,14.190083,22.346876,6.0780234,452.30002,3886.2502,7853.11
Chile,2001,14.405017,22.820717,6.022524,474.00006,3839.0828,7905.4805
Chile,2002,14.640167,22.52877,6.6086326,573.7,3813.1675,7856.1094
Chile,2003,13.784017,21.380468,6.103153,546.30005,3760.3027,7807.6006
Chile,2004,14.211168,21.810562,6.3288426,617.9,3785.5786,7849.96
Chile,2005,12.824634,20.466167,5.2231264,511.5,3786.5977,7833.21
Chile,2006,15.669936,23.294386,7.9470434,623.6,3793.6672,7705.801
Chile,2007,15.799502,23.884686,7.7160025,587.30005,3829.7456,7726.1597
Chile,2008,15.147758,23.18958,7.114743,556.8,3882.3367,7901.6797
Chile,2009,13.616829,21.037727,5.724907,723.4,3714.8083,7742.0396
Chile,2010,15.927413,24.441454,7.2921395,672.6,3717.7297,7621.7803
Chile,2011,14.397628,22.274797,6.5790434,493.40002,3828.2883,7838.7793
Chile,2012,12.496732,20.111383,4.5379405,561.1,3748.4934,7736.7603
Chile,2013,14.244423,21.94069,6.3904138,588.0,3818.3867,7818.1396
Chile,2014,13.034149,20.381346,5.6516743,556.19995,3825.9177,7775.3804
Chile,2015,14.412485,21.619152,6.9062486,769.6,3623.014,7480.9395
Chile,2016,16.03053,23.880316,7.959908,601.0,3815.495,7746.05
Chile,2017,20.837471,25.934309,15.535491,855.0,3648.3933,7423.01
Chile,2018,20.171051,24.978828,14.849267,905.5,3608.6614,7399.5303
Chile,2019,19.35691,23.755075,14.411349,1278.9,3334.2258,7132.04
Chile,2020,18.85329,23.401386,13.841221,1179.0,3421.847,7221.64
China,1995,46.203953,55.894947,37.435333,505.8,3340.0718,6274.46
China,1996,45.157692,55.0147,36.340687,510.3,3283.6086,6214.74
China,1997,47.84604,58.076893,38.916264,423.8,3407.54,6366.78
China,1998,48.822216,59.17514,39.814785,516.60004,3314.5269,6201.1504
China,1999,47.86875,57.797775,39.059772,536.3,3340.5562,6185.01
China,2000,47.045956,57.12773,37.988228,459.40002,3434.611,6436.7397
China,2001,47.60557,57.748707,38.57205,425.19998,3339.547,6306.6104
China,2002,48.10398,58.332348,39.203526,436.6,3436.1602,6324.5
China,2003,47.38392,57.279472,38.624817,516.9,3306.4976,6192.83
China,2004,47.883465,58.253223,38.47806,392.50003,3443.6384,6501.72
China,2005,47.198364,57.149277,38.239906,505.1,3316.2705,6212.79
China,2006,49.5392,59.99772,40.38906,407.70004,3436.115,6457.92
China,2007,48.36763,58.204624,39.72257,604.3,3291.6357,6155.9707
China,2008,47.292797,57.351753,37.979866,385.90002,3428.139,6530.63
China,2009,48.423935,58.628483,39.454292,386.9,3312.6711,6248.55
China,2010,47.702435,58.35035,38.447773,395.8,3421.3193,6341.3896
China,2011,46.67104,56.898758,37.47158,382.3,3342.9543,6317.9497
China,2012,45.838276,55.83405,36.88806,405.9,3404.301,6306.6797
China,2013,49.343933,59.566216,40.31607,508.2,3402.8916,6402.57
China,2014,47.66737,57.78594,38.660816,507.5,3302.025,6204.6006
China,2015,48.852623,59.333935,39.50114,367.2,3372.2744,6370.24
China,2016,49.150997,59.79646,39.66056,358.19998,3430.5916,6388.6104
China,2017,47.00397,57.442936,37.59091,555.6,3136.5557,5943.05
China,2018,46.605267,57.011185,37.260746,582.5,3111.801,5794.7
China,2019,47.132027,57.571404,37.838966,562.30005,3083.962,5806.2803
China,2020,47.06595,57.119076,38.072517,599.80005,3127.1772,5837.18
Colombia,1995,80.82331,82.06712,79.256165,1726.8,3795.0913,7510.5195
Colombia,1996,80.42107,81.62,78.95296,1700.1001,3739.7227,7481.91
Colombia,1997,80.81971,82.12901,79.23323,1938.3999,3734.2083,7405.79
Colombia,1998,81.53823,82.764435,80.042984,1807.3999,3737.4045,7492.38
Colombia,1999,80.42543,81.576195,79.00762,1504.8999,3701.8433,7386.55
Colombia,2000,80.64635,81.89073,79.09656,1669.2001,3758.9075,7493.63
Colombia,2001,80.763596,82.005974,79.22337,1577.1,3823.8823,7530.63
Colombia,2002,80.93631,82.19731,79.46995,2003.4001,3672.4417,7319.3496
Colombia,2003,81.09381,82.320854,79.4877,1848.2999,3731.7715,7372.1
Colombia,2004,80.834984,82.03852,79.398766,1984.2002,3714.6987,7409.3203
Colombia,2005,81.173256,82.33416,79.74241,1454.5,3811.6738,7511.06
Colombia,2006,80.8892,82.11273,79.39597,2599.6,3549.3218,7123.85
Colombia,2007,81.149414,82.363754,79.6317,1696.7001,3781.885,7511.0596
Colombia,2008,80.78175,81.99254,79.2741,1787.7,3722.7778,7457.29
Colombia,2009,81.17951,82.31197,79.74783,1620.9,3752.6035,7538.65
Colombia,2010,81.38743,82.53043,79.96259,1713.6,3678.9504,7330.2
Colombia,2011,81.104996,82.24737,79.62899,1521.1001,3736.719,7519.79
Colombia,2012,81.229836,82.39582,79.741554,1402.5,3796.8728,7543.86
Colombia,2013,81.179985,82.3714,79.700745,1477.7999,3772.72,7494.91
Colombia,2014,81.224884,82.409615,79.70715,1540.6,3798.8416,7493.4
Colombia,2015,81.6074,82.905975,79.94016,1874.0,3741.5056,7404.3203
Colombia,2016,81.76915,83.000244,80.26066,1893.5999,3683.57,7321.3096
Colombia,2017,81.83107,82.99597,80.29129,1778.9,3762.9675,7546.9897
Colombia,2018,81.53204,82.81203,79.89332,1819.2,3684.3823,7333.79
Colombia,2019,82.03762,83.30764,80.43677,2027.0,3578.5134,7215.4604
Colombia,2020,82.2859,83.54394,80.60344,1755.2,3729.7322,7427.9404
Costa Rica,1995,81.5007,82.47643,80.185265,1001.1,3730.2056,7494.76
Costa Rica,1996,81.2009,82.22,79.90828,1552.8999,3610.9521,7322.36
Costa Rica,1997,81.32894,82.31148,80.05852,971.69995,3806.6086,7708.02
Costa Rica,1998,82.40537,83.46767,81.06554,1303.4001,3599.619,7335.98
Costa Rica,1999,81.35813,82.44858,80.01685,1455.2999,3700.7322,7343.4805
Costa Rica,2000,81.51483,82.58442,80.16205,1506.0,3691.1064,7386.37
Costa Rica,2001,81.72933,82.88354,80.32161,1594.2001,3660.879,7292.11
Costa Rica,2002,81.87671,82.92817,80.52875,1165.1,3735.37,7476.71
Costa Rica,2003,81.87462,82.9294,80.4274,1246.6001,3641.1233,7282.17
Costa Rica,2004,81.512375,82.650085,80.070076,1550.8999,3637.1907,7243.94
Costa Rica,2005,81.940216,83.04036,80.56228,1886.1001,3500.8938,7086.1494
Costa Rica,2006,81.75721,82.7706,80.47475,1024.5,3753.5916,7497.5703
Costa Rica,2007,81.35627,82.33367,80.05359,1447.7001,3669.742,7397.0
Costa Rica,2008,81.52033,82.52664,80.16377,1440.0,3723.7505,7396.87
Costa Rica,2009,81.90122,82.89685,80.62515,1517.0,3709.2727,7459.84
Costa Rica,2010,82.12954,83.20014,80.69666,2108.0999,3493.1467,6999.95
Costa Rica,2011,81.42941,82.51836,80.02326,2071.3,3572.0078,7047.9697
Costa Rica,2012,81.76225,82.716965,80.47434,1041.9,3805.7773,7579.8
Costa Rica,2013,81.769226,82.79255,80.44417,1484.5,3592.7002,7191.5596
Costa Rica,2014,81.896255,82.91879,80.629585,1607.7998,3623.9382,7272.4395
Costa Rica,2015,82.08092,83.19175,80.57164,1590.5,3696.4421,7321.9697
Costa Rica,2016,82.70122,83.71262,81.42254,788.80005,3797.9539,7622.3096
Costa Rica,2017,82.29017,83.38927,80.82833,1382.4999,3660.2156,7347.96
Costa Rica,2018,81.96072,83.01398,80.62096,1127.0,3645.3184,7368.79
Costa Rica,2019,82.400505,83.42082,81.11534,1089.1001,3799.811,7607.5996
Costa Rica,2020,82.41732,83.46107,81.05738,1527.9999,3604.3875,7347.04
Croatia,1995,45.155197,52.329903,38.480015,1772.5,3137.5833,4849.3203
Croatia,1996,43.24677,50.23376,36.783184,1617.2,3034.9072,4754.45
Croatia,1997,45.124313,52.643547,38.33059,1416.3,3216.7986,5062.5
Croatia,1998,45.800034,53.256035,39.057,1442.2,3314.638,5109.1504
Croatia,1999,45.842365,53.21609,39.21604,1682.9,3108.8352,4834.98
Croatia,2000,47.86849,55.76236,40.79286,1285.5,3412.0933,5260.4004
Croatia,2001,45.9841,53.511242,38.993137,1517.6001,3231.3708,4966.01
Croatia,2002,46.528553,53.610615,40.28297,1726.9001,3036.4395,4714.1797
Croatia,2003,46.22207,54.20881,39.009167,1189.7999,3422.0576,5255.46
Croatia,2004,44.862087,52.20343,38.42359,1857.9,3056.8777,4801.33
Croatia,2005,43.974934,51.235107,37.413574,1723.6,3182.609,4877.63
Croatia,2006,45.920815,53.355896,39.137627,1368.7,3244.1467,5004.31
Croatia,2007,47.048016,54.753,40.0973,1494.7,3221.3025,5065.5
Croatia,2008,46.699986,54.092693,40.31556,1587.3999,3222.4072,4936.54
Croatia,2009,46.68002,54.242092,39.92149,1522.3,3169.6548,4962.61
Croatia,2010,44.228558,51.434834,37.57681,1956.9001,3025.172,4765.88
Croatia,2011,46.856518,55.309513,39.383957,1009.1,3390.6594,5295.08
Croatia,2012,46.94542,54.90466,39.84712,1476.8,3310.5088,5250.81
Croatia,2013,46.05469,53.18577,39.737793,1713.2,3123.685,4843.1797
Croatia,2014,47.725887,54.46722,41.803356,1942.1001,2971.345,4622.58
Croatia,2015,47.717403,55.482864,40.87574,1435.5999,3270.5266,5077.33
Croatia,2016,46.85566,54.114727,40.62505,1748.7,3163.1143,4870.91
Croatia,2017,45.87961,53.934708,38.648262,1506.3,3216.0793,5250.3604
Croatia,2018,46.69745,54.026917,40.180237,1400.8999,3016.9448,4924.06
Croatia,2019,46.89052,54.54646,40.05251,1515.3,3105.9084,5097.8403
Croatia,2020,46.541203,54.517353,39.72489,1339.1,3316.4548,5258.67
Cuba,1995,74.906075,84.33247,66.28168,1282.4001,3590.7717,6926.44
Cuba,1996,75.511,85.02434,66.92918,1226.3,3560.8647,6908.41
Cuba,1997,73.822296,82.69324,65.868164,1496.8,3439.3923,6580.6904
Cuba,1998,74.67549,83.72096,66.69099,1203.7,3516.8362,6777.95
Cuba,1999,74.24065,83.66696,65.87779,1359.6,3414.263,6725.9497
Cuba,2000,74.96358,84.83917,66.05967,905.5,3563.328,7072.01
Cuba,2001,75.26759,84.838455,66.70184,1212.7,3481.2024,6842.96
Cuba,2002,75.82435,85.372284,67.06801,1234.7999,3524.9456,6917.29
Cuba,2003,75.44378,84.8816,66.876915,1330.4,3421.6533,6708.5503
Cuba,2004,75.49523,85.28376,66.73172,1196.5,3605.9678,7051.97
Cuba,2005,75.18565,84.92623,66.36403,1271.4,3532.9512,6947.46
Cuba,2006,75.20455,84.45897,67.00242,1365.3999,3508.964,6697.24
Cuba,2007,75.79784,85.291405,67.39102,1430.4,3532.3032,6861.37
Cuba,2008,75.43432,84.85884,66.95155,1178.7999,3472.7222,6803.9297
Cuba,2009,76.86216,86.54154,68.07355,1250.4,3508.664,6912.5996
Cuba,2010,76.529434,85.85384,68.185486,1743.3,3421.5327,6648.1396
Cuba,2011,75.2231,84.74006,66.70899,1242.7998,3409.049,6759.24
Cuba,2012,75.06734,84.61639,66.41622,2065.2002,3414.7957,6745.3896
Cuba,2013,74.35379,83.162224,66.460945,1701.1,3235.1135,6264.1196
Cuba,2014,75.31636,84.50212,67.05937,1373.4,3569.3884,6805.04
Cuba,2015,75.01815,84.18872,66.89418,1292.7,3517.6404,6708.08
Cuba,2016,75.76764,85.28568,67.4074,1731.1001,3365.6936,6603.1504
Cuba,2017,75.8142,84.31817,68.44735,779.6,3517.8677,6848.31
Cuba,2018,75.236824,83.79198,67.75497,901.0,3420.5027,6590.1797
Cuba,2019,75.41391,83.493126,68.2856,1559.4,3312.0793,6427.45
Cuba,2020,74.27608,82.44773,67.37961,1204.1,3413.9517,6502.64
Denmark,1995,46.582726,52.296772,40.891186,618.4,2864.77,3909.37
Denmark,1996,44.270313,49.766266,38.89741,516.7,2617.835,3695.46
Denmark,1997,46.880512,52.243515,41.366337,649.19995,2753.648,3787.96
Denmark,1998,46.3402,51.110992,41.54584,832.69995,2463.8748,3373.1396
Denmark,1999,47.511772,52.92801,42.079678,907.30005,2684.0718,3643.12
Denmark,2000,48.135727,53.098724,43.149788,822.9,2565.2183,3497.87
Denmark,2001,46.142895,51.45053,40.889214,758.39996,2554.911,3557.24
Denmark,2002,47.998085,53.19061,42.74124,807.9,2722.0344,3756.59
Denmark,2003,47.09017,53.056477,41.266964,638.6,2885.3,3890.4097
Denmark,2004,47.060898,52.450035,41.78897,809.7999,2749.1096,3700.46
Denmark,2005,47.126705,52.856743,41.392967,682.6,2853.7637,3829.4602
Denmark,2006,48.423813,53.886444,43.02973,828.0,2702.1816,3750.87
Denmark,2007,48.443043,53.698555,43.23291,831.19995,2746.0154,3705.76
Denmark,2008,48.282776,53.683224,42.659954,772.6,2866.0457,3884.13
Denmark,2009,47.35922,52.63581,42.089294,711.9,2728.7344,3844.4102
Denmark,2010,43.576584,48.867157,38.065926,700.3,2592.645,3672.58
Denmark,2011,47.81679,53.266804,42.455704,720.6,2629.4417,3634.7202
Denmark,2012,46.19808,51.374462,41.003067,850.7999,2763.5774,3678.93
Denmark,2013,46.657352,52.19765,41.159706,651.9,2772.9954,3806.3896
Denmark,2014,49.70093,54.86141,44.539265,807.5,2703.8955,3708.32
Denmark,2015,48.07302,53.221684,43.114555,928.9,2720.3716,3727.0
Denmark,2016,48.011574,53.33025,42.777622,730.8,2785.656,3645.9697
Denmark,2017,47.659172,52.863968,42.63467,860.5,2361.7444,3378.2302
Denmark,2018,48.923588,54.699604,43.22275,668.10004,2617.5977,3907.17
Denmark,2019,48.59768,54.137413,43.134724,1022.5,2524.6406,3688.69
Denmark,2020,49.27728,54.68413,43.66085,886.8,2566.0444,3728.5698
Dominican Republic,1995,80.22034,80.99526,79.367615,406.4,3864.1973,7666.62
Dominican Republic,1996,79.96498,80.7591,79.08524,939.69995,3683.085,7391.8203
Dominican Republic,1997,80.255684,81.09512,79.32446,476.2,3833.8066,7568.19
Dominican Republic,1998,81.02922,81.84915,80.11868,968.5,3697.6526,7278.5303
Dominican Republic,1999,80.31204,81.10055,79.45145,368.40002,3762.789,7446.12
Dominican Republic,2000,80.60035,81.4186,79.66828,757.5,3702.6287,7374.73
Dominican Republic,2001,80.53699,81.308655,79.6778,426.19998,3744.2427,7398.15
Dominican Republic,2002,81.32576,82.08019,80.47548,376.30002,3782.7834,7456.06
Dominican Republic,2003,81.22327,82.05307,80.31027,579.0,3795.668,7542.75
Dominican Republic,2004,81.02998,81.87696,80.0123,766.5,3702.2678,7309.19
Dominican Republic,2005,80.56896,81.39077,79.6815,1083.2,3671.6467,7363.9497
Dominican Republic,2006,80.79948,81.56781,79.93129,928.4001,3690.0894,7319.6
Dominican Republic,2007,80.954994,81.75669,80.068634,1064.7,3655.928,7239.76
Dominican Republic,2008,80.3872,81.20393,79.526886,620.30005,3701.5356,7374.3804
Dominican Republic,2009,81.22524,81.97836,80.38869,800.80005,3729.926,7406.1104
Dominican Republic,2010,81.323074,82.24046,80.31398,1206.5,3554.3645,7018.0
Dominican Republic,2011,80.77821,81.573975,79.89677,957.39996,3632.1042,7219.26
Dominican Republic,2012,80.107796,80.91229,79.27828,709.6,3774.64,7478.8105
Dominican Republic,2013,80.2955,81.08477,79.44553,622.69995,3645.7861,7244.62
Dominican Republic,2014,80.66035,81.45118,79.77323,455.20004,3766.9917,7424.7
Dominican Republic,2015,81.383644,82.20323,80.516655,629.0,3751.605,7400.6104
Dominican Republic,2016,80.87294,81.61582,80.03787,673.8,3659.6055,7248.39
Dominican Republic,2017,80.94087,81.80156,80.01315,850.9001,3700.4395,7419.59
Dominican Republic,2018,81.12877,81.96529,80.23211,264.9,3677.4397,7396.09
Dominican Republic,2019,80.40584,81.341446,79.46994,1178.6,3518.7085,7099.5195
Dominican Republic,2020,80.9418,81.912865,79.94885,1220.7001,3534.417,7034.07
Ecuador,1995,80.80875,82.02471,79.277374,1775.2,3724.2278,7517.41
Ecuador,1996,80.406525,81.616806,78.82729,1835.7,3773.7273,7530.5195
Ecuador,1997,80.805626,82.07107,79.244576,1856.0999,3802.545,7615.7397
Ecuador,1998,81.607185,82.85937,80.03263,1933.1001,3659.59,7366.4
Ecuador,1999,80.57708,81.82179,78.96718,2123.2002,3735.9229,7460.5103
Ecuador,2000,80.70542,82.01517,78.9977,1973.3999,3696.0579,7399.8003
Ecuador,2001,80.812416,82.11397,79.173065,1985.5,3739.051,7478.31
Ecuador,2002,81.02716,82.2809,79.50225,2315.9,3619.781,7196.37
Ecuador,2003,81.35768,82.62488,79.709366,2074.2,3686.7437,7367.46
Ecuador,2004,80.83717,82.10221,79.294754,2433.9,3621.754,7201.4697
Ecuador,2005,81.16038,82.35512,79.65069,1564.7,3813.246,7538.3594
Ecuador,2006,80.82776,82.12655,79.306465,2707.0,3617.658,7182.46
Ecuador,2007,81.34528,82.56101,79.725395,1787.5,3704.5742,7452.7295
Ecuador,2008,80.98405,82.20844,79.44967,1799.1001,3721.2224,7487.0205
Ecuador,2009,81.269806,82.510956,79.691124,1736.5999,3773.958,7545.73
Ecuador,2010,81.53065,82.74373,79.87383,1810.6,3710.4272,7332.79
Ecuador,2011,81.15793,82.35093,79.57622,1819.5,3774.1436,7523.0303
Ecuador,2012,81.31562,82.53992,79.71795,1906.7001,3693.4534,7375.71
Ecuador,2013,81.21133,82.41972,79.69359,1904.2,3705.746,7347.9697
Ecuador,2014,81.29572,82.53142,79.64255,1724.6001,3779.8184,7459.6895
Ecuador,2015,81.61805,82.911644,79.865204,2343.8,3698.62,7375.23
Ecuador,2016,81.66728,82.94246,80.0541,2535.5,3614.0989,7185.87
Ecuador,2017,81.8694,83.13603,80.18896,1871.5,3748.25,7574.7
Ecuador,2018,81.53943,82.87984,79.72293,2319.2,3604.0098,7266.36
Ecuador,2019,81.79975,83.150085,80.102165,2571.2998,3515.0034,7088.56
Ecuador,2020,82.39026,83.6659,80.64746,2084.0,3658.3833,7398.3896
Estonia,1995,43.296146,48.950737,37.17775,709.80005,2432.155,3467.01
Estonia,1996,40.10239,46.229897,33.594246,595.4,2497.3245,3602.8098
Estonia,1997,42.445957,48.334053,35.964844,648.8,2654.3083,3667.7803
Estonia,1998,41.932545,47.504322,36.143364,800.1,2406.7534,3358.92
Estonia,1999,43.64514,49.649776,37.0372,624.4,2545.7607,3668.8298
Estonia,2000,44.65882,50.29465,38.64113,701.39996,2538.9807,3541.2402
Estonia,2001,42.66711,48.4238,36.344814,751.4,2455.4368,3540.72
Estonia,2002,43.411175,49.60983,36.712215,605.5,2802.5977,3884.85
Estonia,2003,42.40192,48.389282,36.24693,600.9,2420.3079,3465.26
Estonia,2004,42.241283,47.940884,35.929325,752.7,2422.254,3438.38
Estonia,2005,42.381733,48.346874,35.955475,583.8,2626.1394,3629.35
Estonia,2006,43.987988,49.96268,37.534794,521.7,2565.6997,3728.08
Estonia,2007,44.162815,49.947147,38.015614,764.6,2529.7234,3564.8499
Estonia,2008,45.059967,50.087357,39.634575,841.69995,2350.959,3366.31
Estonia,2009,42.462177,47.866055,36.44887,733.2001,2409.5452,3486.3599
Estonia,2010,40.547276,46.262573,34.51597,772.10004,2333.469,3497.66
Estonia,2011,44.237495,49.614025,38.415066,704.9,2652.4739,3646.9502
Estonia,2012,41.114265,46.475063,35.13629,872.9,2346.9639,3418.8
Estonia,2013,43.708984,49.591583,37.433697,582.9,2614.9443,3705.9897
Estonia,2014,44.533028,50.129612,38.83104,698.60004,2475.3633,3528.41
Estonia,2015,45.170868,50.851337,39.27339,647.4,2540.9329,3510.02
Estonia,2016,43.394413,48.858093,37.529408,746.3,2488.1228,3503.87
Estonia,2017,43.216614,48.817337,37.454655,830.30005,2415.2517,3425.7202
Estonia,2018,44.954323,50.9586,38.591614,577.4,2606.1553,3801.25
Estonia,2019,45.15715,51.180515,38.55635,825.1,2530.037,3671.4297
Estonia,2020,46.697723,52.167686,40.928753,891.4,2557.4087,3596.13
Fiji,1995,78.80529,79.77027,77.57477,392.4,4031.0088,7880.38
Fiji,1996,78.91771,79.96311,77.60246,861.39996,3973.8057,7709.2705
Fiji,1997,78.84926,79.77274,77.6951,525.0,4008.3594,7807.5303
Fiji,1998,78.30285,79.173805,77.168655,412.0,4045.7925,7912.4004
Fiji,1999,78.31268,79.286,77.004196,801.80005,4019.6392,7769.1
Fiji,2000,78.89803,79.85123,77.632706,620.2,4019.8032,7880.16
Fiji,2001,79.08939,80.07085,77.76019,731.3,3981.9167,7764.63
Fiji,2002,78.72902,79.70838,77.53902,831.6,3978.3545,7714.06
Fiji,2003,79.01303,80.07159,77.72074,858.6,3973.897,7593.82
Fiji,2004,79.22105,80.28426,77.88205,800.6,3934.5679,7585.8994
Fiji,2005,79.05176,80.02992,77.80581,553.2,4011.7004,7745.6895
Fiji,2006,79.225525,80.245674,77.91283,607.0,4023.2527,7772.06
Fiji,2007,78.99158,79.93054,77.746635,816.1,3983.8103,7740.19
Fiji,2008,78.48264,79.52467,77.10967,869.19995,4052.3108,7844.0903
Fiji,2009,78.906456,79.87088,77.654655,536.30005,4003.3289,7781.62
Fiji,2010,78.21301,79.14791,77.00099,485.50003,4010.0042,7747.73
Fiji,2011,79.03021,80.04299,77.63863,581.8,4059.07,7831.64
Fiji,2012,78.84124,79.818275,77.6,483.3,4041.9985,7851.96
Fiji,2013,78.85735,79.82107,77.57206,577.0,4001.7583,7715.71
Fiji,2014,79.19706,80.18156,77.93772,583.69995,3961.1694,7669.1904
Fiji,2015,79.25834,80.23605,78.059044,741.80005,3919.6438,7575.87
Fiji,2016,79.0568,80.0032,77.823524,725.1,3971.068,7581.1304
Fiji,2017,79.821396,80.83252,78.41214,631.0,4001.0952,7715.02
Fiji,2018,79.0674,80.05803,77.80803,603.7,3977.666,7656.29
Fiji,2019,79.40466,80.527756,77.930824,811.0,3936.016,7587.43
Fiji,2020,79.35126,80.401306,77.9814,587.4,4034.0225,7710.26
Finland,1995,38.992107,43.359802,34.65002,538.1,2278.3623,3101.5898
Finland,1996,37.023834,41.4546,32.7428,679.8,2295.4734,3160.48
Finland,1997,38.514427,43.12555,33.898952,551.6,2553.7778,3364.9502
Finland,1998,36.994476,41.527744,32.747692,681.9,2186.9082,3028.2397
Finland,1999,39.124313,43.587143,34.716103,598.30005,2379.794,3230.5898
Finland,2000,40.52899,44.759274,36.47485,644.4,2386.7668,3186.46
Finland,2001,38.07744,42.393227,33.783554,632.80005,2336.9177,3091.89
Finland,2002,38.500687,43.228622,33.851364,525.3,2591.621,3440.64
Finland,2003,38.14803,42.585304,33.863937,588.1,2267.6826,3093.92
Finland,2004,38.756733,43.253864,34.485996,697.3,2351.9883,3163.8398
Finland,2005,39.59918,43.90769,35.407993,651.0,2460.5488,3231.65
Finland,2006,39.919407,44.317993,35.538185,505.60004,2461.6235,3364.3801
Finland,2007,40.17007,44.43191,36.07375,637.1,2401.2856,3169.93
Finland,2008,40.653854,44.555172,36.80854,808.7,2177.4336,2993.37
Finland,2009,38.726406,42.99684,34.567413,494.5,2384.0793,3227.1602
Finland,2010,36.64537,41.081444,32.360077,529.2,2215.5767,3143.92
Finland,2011,40.376225,44.544346,36.376785,685.0,2362.1367,3160.23
Finland,2012,37.76114,41.687965,33.828945,792.9,2159.495,2962.5098
Finland,2013,40.483055,44.71621,36.312183,621.2,2375.9321,3169.17
Finland,2014,41.440533,45.51807,37.52706,558.80005,2232.5928,3092.1
Finland,2015,41.502872,45.619415,37.580074,687.1,2319.5789,3089.06
Finland,2016,39.638977,43.824528,35.58936,636.6,2204.4026,2960.0903
Finland,2017,39.61002,44.331764,34.92861,791.1001,2079.0994,3006.29
Finland,2018,41.166393,46.63675,35.73467,564.1,2445.4536,3435.5898
Finland,2019,40.67787,45.98505,35.421024,780.8,2277.438,3266.05
Finland,2020,43.44727,48.398262,38.60449,808.30005,2470.735,3381.39
France,1995,51.736233,58.413654,45.360703,753.9,2858.5125,4483.5195
France,1996,49.962357,56.83243,43.650383,912.89996,2811.6277,4562.4697
France,1997,52.32276,59.84873,45.523685,643.2,3044.7917,4850.85
France,1998,50.851925,57.805103,44.57067,729.7,2874.0327,4522.4004
France,1999,51.49402,58.06549,45.435658,878.2999,2867.3428,4449.1904
France,2000,51.879852,58.63071,45.7794,794.5,2933.0105,4546.21
France,2001,50.817986,57.35758,44.763493,782.0,2889.0369,4476.52
France,2002,52.163677,58.802757,46.15467,724.2,2837.679,4460.7705
France,2003,53.030956,60.58697,45.97073,696.19995,3180.1616,4978.55
France,2004,50.868755,57.704395,44.598087,788.1,2949.1057,4701.3
France,2005,50.86118,57.81004,44.528996,698.0,3076.7817,4760.5303
France,2006,52.225418,59.11344,46.19535,800.0,3030.1418,4649.07
France,2007,51.179077,57.83494,45.13385,783.4,2919.8713,4504.67
France,2008,50.32583,57.041695,44.33202,939.9,2854.6633,4439.2705
France,2009,51.468216,58.49799,44.968887,722.7,3022.647,4732.25
France,2010,49.22034,55.7753,42.954124,862.7,2796.9702,4537.9
France,2011,53.238613,60.61804,46.524284,631.30005,3116.3528,4834.54
France,2012,51.259125,58.13178,44.89218,750.1,2958.0195,4646.09
France,2013,50.29864,56.867874,44.336174,894.10004,2754.9521,4424.1797
France,2014,52.890144,59.88201,46.639683,764.4,3018.179,4653.58
France,2015,53.1195,60.342617,46.509987,551.69995,3039.9678,4771.7
France,2016,51.893143,58.9419,45.530663,824.89996,2907.3577,4585.54
France,2017,51.714077,59.283375,45.021706,817.9,2711.4722,4593.3203
France,2018,53.27418,61.05083,46.03488,824.19995,2822.8762,4790.96
France,2019,52.93949,60.8834,45.63075,787.9,2909.6355,4892.67
France,2020,53.70755,61.4494,46.618587,826.60004,2882.09,4786.8604
Georgia,1995,50.073715,58.947163,42.168938,1488.8999,3142.3594,5071.92
Georgia,1996,51.25709,59.956776,43.742264,1220.9,3197.0017,5173.8604
Georgia,1997,49.343174,58.11792,41.72979,1375.3999,3052.3862,5053.11
Georgia,1998,52.094242,61.00976,44.244858,1206.7,3173.7627,5188.56
Georgia,1999,51.101788,60.48653,42.66801,1492.1001,3160.9414,5165.21
Georgia,2000,50.390747,59.670547,42.04407,1026.7,3189.8872,5256.8506
Georgia,2001,51.317245,60.76294,42.82828,1284.3999,3156.0698,5085.18
Georgia,2002,50.296585,59.48297,42.182503,1406.7,3152.0789,5116.3896
Georgia,2003,49.539005,58.056282,41.80919,1275.9,3130.2656,5111.41
Georgia,2004,50.147156,59.436447,41.69661,1398.5,3170.1016,5138.1504
Georgia,2005,51.511677,60.21357,44.03083,1426.7,3005.0688,4905.21
Georgia,2006,51.992893,61.10075,44.006912,1527.1001,3035.09,5021.39
Georgia,2007,51.14407,60.219734,43.18015,1496.9,3128.2344,5179.91
Georgia,2008,51.28596,60.44415,43.350296,1260.3999,3171.7622,5028.18
Georgia,2009,51.736687,60.531902,44.178284,1304.3,3173.2466,5111.54
Georgia,2010,55.399834,65.168015,46.83513,1189.9,3206.3535,5239.66
Georgia,2011,49.9329,57.987484,43.034668,1525.0,2949.91,4764.9697
Georgia,2012,52.227215,61.169804,44.296284,1114.5,3227.2727,5284.59
Georgia,2013,51.406555,60.321083,43.578613,1372.3,3150.2256,5024.13
Georgia,2014,53.675053,62.80335,45.90135,1246.3999,3277.15,5256.6797
Georgia,2015,53.84099,62.888668,46.201187,1105.3,3129.5818,5066.07
Georgia,2016,51.90248,60.6675,44.03464,1558.5,3110.331,5091.1396
Georgia,2017,54.108833,62.881813,46.629467,1351.3999,3107.594,5302.62
Georgia,2018,56.72805,65.15006,49.821205,1212.3,3079.8347,5253.4897
Georgia,2019,55.129333,63.962063,47.794113,1190.7,3125.3809,5310.61
Georgia,2020,55.089245,63.766644,47.997963,1189.2,3137.9824,5382.7803
Germany,1995,48.20104,54.641438,41.606476,557.0,2677.5583,3938.27
Germany,1996,44.652668,50.97732,38.60257,548.7,2422.7278,3644.8599
Germany,1997,47.80388,54.483627,41.228477,541.1,2667.1377,3953.0503
Germany,1998,48.111435,54.152225,42.050804,735.1,2393.9795,3580.34
Germany,1999,49.236,55.502476,42.97053,590.89996,2642.935,3869.3801
Germany,2000,49.672115,55.951664,43.335438,606.7,2616.6338,3836.3804
Germany,2001,48.25239,54.428146,42.046368,660.0,2449.9175,3719.25
Germany,2002,48.781624,54.94546,42.49538,841.39996,2471.3657,3656.6401
Germany,2003,49.183113,56.521576,41.85379,420.3,2959.2583,4359.8896
Germany,2004,48.17915,54.400764,41.708546,580.60004,2754.7878,3943.6199
Germany,2005,48.62972,55.346638,41.727795,499.7,2746.8694,4040.3801
Germany,2006,49.54026,56.204723,42.924667,499.60004,2878.5225,4157.8496
Germany,2007,49.932102,56.15565,43.576122,814.19995,2709.0762,3981.1199
Germany,2008,49.215115,55.472157,42.750683,554.0,2657.3706,3923.83
Germany,2009,48.739944,55.112392,42.268776,677.80005,2543.1936,3874.37
Germany,2010,45.872334,52.21464,39.27486,700.6,2538.6191,3855.51
Germany,2011,49.726585,57.032722,42.71434,455.4,2883.8706,4199.0303
Germany,2012,48.70556,55.283306,42.08773,619.9,2754.686,4008.87
Germany,2013,47.6681,53.63689,41.50883,666.8,2421.794,3759.6
Germany,2014,50.73439,57.243294,44.20538,590.3,2753.4468,3976.08
Germany,2015,50.143093,56.908695,43.257057,512.6,2826.5056,4083.96
Germany,2016,49.597134,55.895947,43.22601,540.9,2709.6873,4022.9
Germany,2017,49.742786,56.2967,43.368652,712.1,2489.703,3802.3398
Germany,2018,51.657032,59.33401,44.113163,491.0,2812.5522,4362.08
Germany,2019,51.241974,58.614754,43.93908,605.30005,2715.4373,4222.92
Germany,2020,51.350636,58.638485,44.072254,585.7,2770.9517,4187.27
Greece,1995,52.814037,60.595573,45.783054,1034.0,3421.4512,5801.34
Greece,1996,52.70424,60.3615,45.831177,1143.4,3251.5671,5581.6104
Greece,1997,52.596695,60.8064,45.268696,939.4,3447.4675,5906.43
Greece,1998,53.94353,62.17193,46.5642,952.30005,3462.2434,6017.23
Greece,1999,54.761375,63.012756,47.330566,1089.2001,3470.071,5849.71
Greece,2000,53.814198,62.267235,46.29175,666.0,3568.1868,6118.9
Greece,2001,53.76949,61.96432,46.379528,920.80005,3489.3062,6027.29
Greece,2002,53.429077,61.54884,46.238483,1021.60004,3376.6982,5741.94
Greece,2003,53.250652,60.793575,46.248833,1210.5,3300.9946,5837.16
Greece,2004,53.16475,61.1415,45.927322,1008.5,3391.3875,5796.08
Greece,2005,52.53627,60.52802,45.161934,1099.5,3462.0488,5847.9404
Greece,2006,52.801567,60.67103,45.799824,967.7,3449.889,5811.02
Greece,2007,54.437935,62.606155,47.085712,866.69995,3486.2883,5945.7397
Greece,2008,54.40672,62.54511,47.084538,734.9,3527.5088,5972.7705
Greece,2009,53.874027,61.60259,46.780205,1270.2999,3394.5754,5768.16
Greece,2010,54.687496,62.223717,47.764286,1451.7999,3352.293,5678.07
Greece,2011,52.686687,60.67843,45.439583,841.50006,3494.4375,5969.42
Greece,2012,54.661922,62.740604,47.278057,1103.1001,3431.9875,6029.1504
Greece,2013,54.96723,63.13407,47.561607,983.4,3478.125,5916.2
Greece,2014,54.394585,62.404697,47.14193,971.8,3380.5557,5717.58
Greece,2015,54.10593,62.35292,46.837414,1086.3,3494.6016,5857.65
Greece,2016,54.70874,62.5619,47.616737,1190.0,3416.8987,5771.29
Greece,2017,53.492657,61.63305,46.23934,1007.60004,3474.659,5993.12
Greece,2018,54.016094,61.664356,47.346714,1333.9,3333.3503,5619.2803
Greece,2019,54.200943,62.58408,47.08263,1047.4,3438.7295,5925.75
Greece,2020,54.169106,62.44277,47.090878,1021.10004,3483.7922,5911.1494
Honduras,1995,81.04289,82.06096,79.83315,1682.0,3558.0027,7038.48
Honduras,1996,80.79376,81.78524,79.605576,1619.8999,3570.0254,7024.83
Honduras,1997,81.22172,82.16797,80.0383,1414.6001,3617.6367,7206.18
Honduras,1998,81.76212,82.81794,80.47326,1808.2001,3472.2444,6959.81
Honduras,1999,81.164925,82.128525,79.913284,1451.1001,3522.2517,6920.79
Honduras,2000,81.03325,82.04394,79.76664,1426.0,3616.5117,7077.52
Honduras,2001,81.373886,82.46091,80.05432,1776.6,3548.5247,6945.8496
Honduras,2002,81.33622,82.402954,80.062225,1951.0,3538.4373,6996.99
Honduras,2003,81.27532,82.2343,80.05433,1990.2,3457.9521,6875.59
Honduras,2004,80.99298,82.032875,79.69901,1844.7,3541.6453,6935.25
Honduras,2005,81.591034,82.71957,80.189445,2465.4,3340.2495,6712.5205
Honduras,2006,81.32027,82.3751,79.98528,1842.1,3472.1545,6904.0996
Honduras,2007,80.91633,81.9071,79.67485,1714.6001,3633.4653,7084.88
Honduras,2008,81.05297,81.99746,79.87557,1663.2001,3467.8472,6907.83
Honduras,2009,81.46514,82.420715,80.325554,1420.9,3561.7454,7045.4297
Honduras,2010,81.56737,82.62167,80.26934,1957.2999,3479.6611,6915.3696
Honduras,2011,81.090294,82.097206,79.87679,1613.7001,3493.8726,6895.6396
Honduras,2012,81.13325,82.03459,79.98795,1156.9,3632.4924,7132.62
Honduras,2013,80.759254,81.76285,79.57917,2252.5,3398.5154,6791.8706
Honduras,2014,81.090126,82.040245,79.888145,1909.5001,3476.5925,6913.01
Honduras,2015,81.37529,82.40493,80.167755,1984.2,3501.8076,6859.7305
Honduras,2016,81.70251,82.70296,80.54271,1787.9001,3565.5188,7042.4004
Honduras,2017,81.6952,82.71364,80.46809,2037.7,3489.0269,7025.21
Honduras,2018,81.28725,82.284355,80.0383,1748.2,3384.0544,7030.8096
Honduras,2019,81.67548,82.775536,80.400024,1235.2999,3565.555,7183.2
Honduras,2020,81.552864,82.65525,80.26287,2595.1,3465.729,6953.41
Hungary,1995,51.558144,58.628574,44.537033,648.7,2977.391,4596.43
Hungary,1996,49.379307,56.23048,42.664078,699.8,2859.7183,4437.73
Hungary,1997,50.602417,57.912273,43.509556,477.0,3098.3442,4751.64
Hungary,1998,51.30227,58.55953,44.22364,768.1,3026.8271,4623.3604
Hungary,1999,51.805935,58.73657,45.08296,885.3,2941.2634,4552.24
Hungary,2000,54.112114,61.90293,46.35433,438.59998,3238.102,4946.64
Hungary,2001,51.635777,58.934074,44.56909,672.60004,2970.244,4597.6104
Hungary,2002,53.355446,60.64433,46.301285,631.2999,3056.1062,4724.5903
Hungary,2003,52.018364,60.03134,44.130432,407.0,3300.2664,5056.5303
Hungary,2004,51.65493,58.759083,44.793587,651.69995,3014.5854,4629.99
Hungary,2005,50.888783,58.194103,43.701393,762.0,3024.057,4675.25
Hungary,2006,52.58016,59.912243,45.408188,508.2,3023.9077,4647.75
Hungary,2007,54.729794,62.34101,47.159855,544.3,3149.1995,4879.5596
Hungary,2008,53.775047,61.28498,46.672768,572.1,3209.6992,4793.2803
Hungary,2009,53.942398,61.35791,46.604816,570.4,3066.2224,4870.31
Hungary,2010,51.092876,57.98057,44.25126,1033.1,2875.2217,4481.3
Hungary,2011,52.918385,60.811752,45.339886,396.1,3193.7183,4894.61
Hungary,2012,54.154415,62.093994,46.2717,477.7,3229.456,5019.1895
Hungary,2013,53.219685,60.254494,46.227066,725.3,2926.6829,4637.0703
Hungary,2014,54.642742,61.61509,47.865562,798.1,2874.7805,4516.59
Hungary,2015,54.34711,61.710022,47.340843,538.4,2916.8025,4667.7197
Hungary,2016,53.081913,60.223724,46.059544,709.6,3082.1772,4709.91
Hungary,2017,52.786858,61.04878,44.969112,690.5,3112.5737,4902.5303
Hungary,2018,54.757835,62.68136,47.37519,632.0,2984.0017,4771.18
Hungary,2019,54.79161,63.06922,47.137993,730.80005,3073.555,4835.3
Hungary,2020,53.56431,61.60527,46.17003,709.8,2927.638,4819.35
Iceland,1995,35.444332,40.801296,29.921408,545.7,2459.4744,3070.22
Iceland,1996,34.893833,40.564083,29.14441,622.39996,2488.823,3110.75
Iceland,1997,36.59283,41.988068,31.18042,530.6,2687.322,3301.27
Iceland,1998,34.305016,39.305077,29.380913,763.30005,2114.092,2748.74
Iceland,1999,35.34628,40.64743,30.16872,591.30005,2392.082,3014.1099
Iceland,2000,37.514645,42.588093,32.478344,866.1,2279.2236,2890.1
Iceland,2001,34.865078,39.95357,29.738447,701.2001,2232.4468,2845.61
Iceland,2002,36.51715,42.010994,30.817955,435.5,2658.4084,3264.21
Iceland,2003,36.796925,42.323162,31.278067,525.7,2522.1338,3059.9102
Iceland,2004,36.03617,41.261948,30.75654,628.7001,2417.0916,2945.71
Iceland,2005,37.107075,42.39689,31.701681,689.3,2440.4429,3010.7302
Iceland,2006,37.919758,43.449512,32.1756,580.1,2538.3455,3204.4
Iceland,2007,36.91347,42.260777,31.406528,573.5,2480.6409,3090.3
Iceland,2008,37.01532,42.022034,31.807278,619.0,2407.0642,3017.69
Iceland,2009,35.735714,40.83064,30.525763,648.3,2489.7888,3111.08
Iceland,2010,32.625916,37.954338,27.348146,537.4,2470.3987,3041.27
Iceland,2011,38.40741,43.57502,33.23439,671.7,2463.2896,2986.72
Iceland,2012,34.919163,39.590065,30.2458,817.4,2227.7522,2831.79
Iceland,2013,37.324635,42.72557,31.937654,591.7,2575.4673,3097.33
Iceland,2014,38.714123,43.788063,33.524616,470.2,2464.4302,3137.67
Iceland,2015,38.161182,43.279625,33.111103,669.2,2317.3723,2858.8499
Iceland,2016,36.969494,42.215767,31.62995,542.5,2359.6694,2946.65
Iceland,2017,35.831184,41.526398,30.319761,702.0,2263.5093,2928.48
Iceland,2018,36.772957,43.080776,30.482008,560.8,2599.4673,3307.08
Iceland,2019,35.87988,42.02297,29.83672,725.6,2371.4854,3040.75
Iceland,2020,38.928455,44.457542,33.306644,804.9,2445.129,3103.27
Japan,1995,47.200935,55.77897,39.48306,1196.2,3095.534,5577.19
Japan,1996,46.984776,55.47947,39.27652,1242.8,3146.1875,5608.85
Japan,1997,48.238697,56.9793,40.342125,1197.5999,3150.4019,5625.55
Japan,1998,49.54988,57.53385,42.509274,1554.5,2887.95,5254.3
Japan,1999,49.06051,57.539276,41.627525,1280.0,3077.5183,5501.26
Japan,2000,49.02278,57.42234,41.33447,1153.2,3204.6245,5660.64
Japan,2001,48.102303,56.552975,40.131554,1170.0,3159.2722,5668.3604
Japan,2002,48.44236,57.219467,40.22377,1095.3,3136.82,5596.58
Japan,2003,47.699234,55.704014,40.163853,1465.0,2909.2134,5265.01
Japan,2004,50.684532,59.260216,42.71103,1396.2,3218.9978,5694.82
Japan,2005,49.56099,57.705715,42.286125,828.89996,3260.861,5725.51
Japan,2006,49.928146,58.1779,42.719357,1335.7,2984.4917,5344.26
Japan,2007,50.57488,58.96892,43.189083,1144.0,3176.9998,5600.37
Japan,2008,49.763725,58.017174,42.45701,1177.2,3127.51,5607.63
Japan,2009,50.186096,58.28837,42.902317,1336.6001,3064.6777,5471.5195
Japan,2010,50.122383,58.234615,42.81133,1493.0,3040.404,5397.54
Japan,2011,49.434753,57.577248,42.010204,1234.9,3172.4094,5578.41
Japan,2012,48.823498,56.679222,41.610126,1243.0,3138.022,5535.88
Japan,2013,49.86186,58.35396,41.950535,1132.1001,3253.304,5776.97
Japan,2014,48.712093,57.04119,40.89914,1103.5,3103.0645,5598.9
Japan,2015,50.4451,58.65059,43.17084,1213.3,3006.294,5445.56
Japan,2016,51.05596,59.337948,43.700325,1347.6,3095.6436,5431.15
Japan,2017,48.109562,56.599274,41.156254,1534.7999,3152.39,5563.6396
Japan,2018,49.83052,58.587654,42.53116,1633.6001,3167.574,5570.38
Japan,2019,49.37849,57.963326,42.13787,1709.5999,3120.1396,5452.38
Japan,2020,49.957745,58.498383,42.930595,1762.7001,3086.795,5431.13
Kazakhstan,1995,43.63354,52.735146,34.38526,205.59998,3413.1016,5382.3203
Kazakhstan,1996,38.83041,47.997482,29.684202,252.20001,3387.6494,5390.88
Kazakhstan,1997,43.054836,51.939945,33.972736,204.0,3292.9338,5392.2705
Kazakhstan,1998,41.383663,50.019615,32.61386,203.40001,3237.2703,5331.88
Kazakhstan,1999,42.516304,51.276653,33.300823,219.40001,3247.68,5282.89
Kazakhstan,2000,41.90453,50.07953,33.559612,232.2,3194.805,5278.49
Kazakhstan,2001,42.913456,51.486988,34.258026,189.0,3265.98,5287.2803
Kazakhstan,2002,43.964607,52.23904,35.444054,267.6,3159.9683,5061.21
Kazakhstan,2003,41.123966,49.66948,32.495014,284.1,3146.2356,5106.04
Kazakhstan,2004,44.10004,52.779533,35.20076,291.8,3203.8867,5223.09
Kazakhstan,2005,44.475502,53.496082,35.60433,139.6,3388.0269,5377.63
Kazakhstan,2006,43.94737,53.04238,34.697174,179.00002,3339.4006,5441.16
Kazakhstan,2007,43.49321,52.392162,34.54208,203.0,3346.9927,5406.01
Kazakhstan,2008,44.539936,53.508133,35.65027,207.6,3428.8362,5471.63
Kazakhstan,2009,43.12462,52.07408,34.32633,217.70001,3289.7708,5338.9795
Kazakhstan,2010,44.349144,53.876793,34.73293,190.0,3439.4778,5538.08
Kazakhstan,2011,41.779816,51.09715,32.50931,185.20001,3401.5684,5406.33
Kazakhstan,2012,42.53583,51.47797,33.5033,253.7,3465.12,5491.77
Kazakhstan,2013,45.09937,54.06246,36.098217,252.20001,3255.0112,5230.45
Kazakhstan,2014,41.032375,50.100986,31.768847,197.3,3345.0283,5489.9697
Kazakhstan,2015,43.80105,52.50978,34.930683,280.7,3199.619,5300.51
Kazakhstan,2016,43.300465,51.409847,35.094776,274.6,3216.5261,5238.66
Kazakhstan,2017,43.090977,51.959034,34.052734,201.6,3242.25,5443.24
Kazakhstan,2018,40.51243,49.69325,30.82974,157.2,3303.2058,5382.51
Kazakhstan,2019,43.45184,52.716507,33.712452,229.4,3145.3416,5335.12
Kazakhstan,2020,43.466183,52.681503,33.831913,214.1,3259.3323,5384.16
Kenya,1995,72.0781,81.12344,64.16498,715.19995,3853.2373,7540.89
Kenya,1996,72.46407,81.65835,64.33457,597.6,3846.1646,7540.5996
Kenya,1997,72.64146,81.81608,64.53805,1013.7,3843.6,7673.3496
Kenya,1998,72.07941,80.796234,64.38886,755.10004,3827.0955,7448.8105
Kenya,1999,72.65212,82.218735,64.18397,473.59998,3937.6355,7847.3296
Kenya,2000,73.12764,83.17974,64.087685,358.9,3979.802,8121.74
Kenya,2001,72.68803,81.952675,64.52596,675.30005,3902.5977,7736.3696
Kenya,2002,72.34191,81.44152,64.5124,807.0,3886.9016,7713.46
Kenya,2003,72.925064,82.17114,64.72519,656.4,3894.52,7804.1196
Kenya,2004,72.76852,82.00458,64.65965,670.5,3918.0854,7760.29
Kenya,2005,73.285934,82.691414,64.865005,487.6,3930.9817,7917.1504
Kenya,2006,73.228455,82.3827,65.25854,897.4,3901.265,7664.55
Kenya,2007,73.13752,82.24487,65.004814,603.19995,3931.416,7693.4404
Kenya,2008,72.93258,82.33973,64.523926,538.0,3928.546,7796.72
Kenya,2009,74.01576,83.680916,65.48884,536.30005,3980.5386,8056.8105
Kenya,2010,73.5144,82.61572,65.4664,573.89996,3898.5073,7671.49
Kenya,2011,73.8268,83.23833,65.351006,540.69995,3886.4658,7723.5596
Kenya,2012,73.6622,83.19745,65.05482,678.7,3928.325,7933.02
Kenya,2013,72.88367,81.92851,64.84627,771.19995,3838.2332,7566.56
Kenya,2014,73.68366,83.048706,65.369995,582.9,3928.7263,7772.68
Kenya,2015,74.08407,83.65577,65.51942,828.9,3952.8525,8035.73
Kenya,2016,73.47508,82.60818,65.336784,575.9,3880.2302,7689.29
Kenya,2017,75.24496,85.377754,66.95439,778.39996,3803.0808,7636.1396
Kenya,2018,73.18716,82.340935,65.891396,1428.7,3693.3242,7362.89
Kenya,2019,74.47469,84.10962,66.76106,1738.9,3783.6716,7564.13
Kenya,2020,73.87336,82.89603,66.5384,1549.4,3736.8132,7516.86
Liechtenstein,1995,48.120075,56.018654,39.934544,1667.3,2831.0728,4261.3203
Liechtenstein,1996,47.074978,54.87313,39.17059,1386.3999,2861.5745,4384.7803
Liechtenstein,1997,49.426872,57.59107,41.201946,1250.3999,2999.2166,4505.8096
Liechtenstein,1998,48.108753,56.10644,40.051674,1391.7,2852.5945,4316.4697
Liechtenstein,1999,48.313957,56.0771,40.55444,1793.8999,2749.7888,4196.5503
Liechtenstein,2000,49.470448,57.509937,41.32002,1612.7,2809.0327,4341.89
Liechtenstein,2001,48.97363,56.51131,41.27,1724.7002,2796.3245,4303.88
Liechtenstein,2002,49.939587,58.04772,41.987286,1619.5,2791.2585,4323.11
Liechtenstein,2003,50.006733,58.887566,40.40945,983.1,3226.427,4968.4697
Liechtenstein,2004,48.7148,56.438046,40.780262,1242.2,2947.0977,4484.45
Liechtenstein,2005,48.089542,56.33551,39.42241,1300.7,2947.587,4472.71
Liechtenstein,2006,49.478676,58.06671,40.780056,1337.3999,3095.0325,4633.3203
Liechtenstein,2007,49.67945,57.736053,41.332138,1523.2001,2922.6633,4459.96
Liechtenstein,2008,49.492214,57.08919,41.803707,1481.9,2865.8352,4393.5396
Liechtenstein,2009,49.83498,57.349667,42.015892,1360.6,2935.3184,4479.9
Liechtenstein,2010,47.85396,55.382984,39.788082,1512.9999,2719.9456,4286.9
Liechtenstein,2011,51.311718,59.82874,42.448383,1295.0,3102.2903,4653.16
Liechtenstein,2012,49.4039,57.17895,41.45207,1479.4,2906.9329,4495.81
Liechtenstein,2013,48.61563,56.39296,40.67378,1450.1,2782.399,4301.7803
Liechtenstein,2014,51.88548,59.65071,44.200798,1407.1,2894.438,4428.87
Liechtenstein,2015,51.343857,59.455673,43.174305,1311.3999,2992.1538,4514.42
Liechtenstein,2016,50.544537,58.4145,42.463356,1472.5,2903.4236,4385.9697
Liechtenstein,2017,50.62299,59.38779,41.520943,1994.6001,2869.2703,4596.17
Liechtenstein,2018,52.450577,60.90028,43.55987,1480.3,3007.939,4801.12
Liechtenstein,2019,51.61639,59.974144,43.027023,1846.1,2779.9866,4592.88
Liechtenstein,2020,52.545776,61.11984,43.723038,1752.1001,3003.486,4732.58
Madagascar,1995,79.58889,91.16622,66.27049,24.699999,4001.5134,8594.96
Madagascar,1996,80.05793,91.574135,66.68619,50.299995,4007.2534,8556.83
Madagascar,1997,80.47322,91.93998,67.20551,24.3,4029.4512,8564.721
Madagascar,1998,81.59173,93.04364,68.10748,18.3,4034.7817,8596.74
Madagascar,1999,80.70005,92.69104,66.41819,4.8999996,4056.81,8765.75
Madagascar,2000,80.31574,92.415855,66.19168,1.2,4069.6409,8819.24
Madagascar,2001,80.11047,92.065475,66.10356,0.9,4038.8267,8735.76
Madagascar,2002,80.53964,92.39169,66.44532,15.8,4036.7773,8721.61
Madagascar,2003,81.31791,93.01849,67.49129,14.499999,4031.4126,8690.83
Madagascar,2004,80.7287,92.34185,67.046684,10.2,4013.2866,8628.91
Madagascar,2005,81.15699,92.64272,67.81307,4.5,4048.7446,8616.47
Madagascar,2006,81.31387,92.684875,68.04584,10.7,4019.986,8552.87
Madagascar,2007,80.7993,92.39812,67.238304,6.4000006,4054.8433,8706.48
Madagascar,2008,79.48868,91.242165,65.68561,37.3,4025.0334,8736.76
Madagascar,2009,81.2634,93.21526,67.177155,17.599998,4044.3223,8721.311
Madagascar,2010,81.70106,93.12527,68.196,3.1,4039.575,8643.811
Madagascar,2011,80.63827,92.143394,67.18036,4.3,4006.2605,8618.93
Madagascar,2012,80.92896,92.81102,66.9225,2.5,4051.156,8732.35
Madagascar,2013,80.25702,91.723724,66.811485,6.6,4018.8745,8652.779
Madagascar,2014,80.67058,92.19223,66.84378,1.4000001,4046.156,8689.91
Madagascar,2015,81.63953,93.31612,67.90923,3.9,4044.8977,8707.2705
Madagascar,2016,81.32076,92.6528,67.94313,12.499999,4037.937,8590.721
Madagascar,2017,82.001015,93.13005,69.798096,9.999999,3961.7153,8524.19
Madagascar,2018,82.16965,92.91775,70.5144,14.4,3882.1445,8333.34
Madagascar,2019,82.828476,93.21931,71.832344,52.4,3868.6448,8262.83
Madagascar,2020,82.05494,92.66519,70.86159,18.6,3885.0886,8276.42
Malaysia,1995,76.83147,84.14753,71.54876,2463.2,3229.7673,6208.89
Malaysia,1996,76.3936,83.486855,71.01522,2329.1,3273.871,6273.4404
Malaysia,1997,76.8174,84.24962,71.31574,2076.7,3390.5833,6397.3604
Malaysia,1998,78.6606,86.319855,73.16852,2000.0,3397.9473,6472.64
Malaysia,1999,76.23413,83.34098,70.94416,2304.3,3209.2844,6174.1396
Malaysia,2000,76.93374,84.28259,71.42341,2317.0,3436.2578,6564.58
Malaysia,2001,77.05185,84.461174,71.61805,2003.2,3310.2683,6311.04
Malaysia,2002,78.85173,87.00805,72.84723,1311.0,3715.4663,6939.1797
Malaysia,2003,78.46747,86.374596,72.79964,1626.8,3446.2627,6572.99
Malaysia,2004,78.51616,86.45907,72.61899,1704.8,3611.4988,6825.12
Malaysia,2005,79.27368,87.60206,73.10983,1496.7,3435.4963,6701.79
Malaysia,2006,76.44459,83.337036,71.267426,2421.8003,3216.3555,6108.54
Malaysia,2007,76.518555,83.42605,71.361855,2396.2,3083.6536,5931.99
Malaysia,2008,76.179695,83.08505,71.009315,2713.0,3187.541,6068.84
Malaysia,2009,77.41879,84.63081,72.08161,1752.4001,3197.037,6164.91
Malaysia,2010,77.68649,84.71588,72.49783,2322.1,3217.0984,6216.96
Malaysia,2011,75.94999,82.46293,71.083725,2438.9,3084.409,5890.18
Malaysia,2012,76.074165,82.709564,71.04153,2529.2,3099.4338,5976.8804
Malaysia,2013,76.73761,83.24087,71.90112,2311.6,3033.515,5872.35
Malaysia,2014,77.23482,84.44489,71.88558,2298.9,3267.8682,6272.94
Malaysia,2015,78.083954,85.476326,72.60336,1921.2,3564.2717,6631.09
Malaysia,2016,79.233795,86.701096,73.7644,1582.3,3317.6533,6447.3604
Malaysia,2017,77.9565,85.20654,72.97412,3376.9001,3061.084,6110.01
Malaysia,2018,78.33322,86.58564,72.682495,2937.8,3142.5378,6354.4307
Malaysia,2019,79.69738,88.78114,73.240974,2486.0,3436.1968,6793.87
Malaysia,2020,78.90723,86.78886,73.16615,3426.3003,3131.7698,6356.73
Mongolia,1995,32.89411,43.646973,22.92996,283.9,3589.427,5756.7
Mongolia,1996,30.684778,41.860207,20.103815,291.80002,3624.8093,5835.34
Mongolia,1997,34.449978,45.61982,24.054838,228.79999,3521.4534,5671.2
Mongolia,1998,34.284084,44.9198,24.401768,305.80002,3483.4573,5619.6
Mongolia,1999,33.59241,44.413574,23.378235,326.6,3507.736,5697.8496
Mongolia,2000,30.7278,42.34537,19.42783,301.9,3548.8994,5797.38
Mongolia,2001,32.780544,43.903164,22.002836,259.4,3535.996,5788.59
Mongolia,2002,34.607246,45.872807,23.568592,191.2,3638.4944,5935.75
Mongolia,2003,31.987608,42.948673,21.409084,316.19998,3506.266,5686.83
Mongolia,2004,33.804417,44.956112,23.109716,237.90001,3636.8867,5798.67
Mongolia,2005,32.816017,43.68791,22.440262,185.8,3610.8708,5811.84
Mongolia,2006,34.16535,45.318264,23.764374,225.4,3631.0613,5840.44
Mongolia,2007,36.20504,47.101498,25.982561,306.5,3573.416,5821.17
Mongolia,2008,34.42365,45.462177,24.169554,255.3,3604.3577,5853.36
Mongolia,2009,32.99793,44.85544,21.631,271.1,3585.7957,5858.04
Mongolia,2010,30.879013,42.87914,19.168701,253.90001,3542.5356,5827.31
Mongolia,2011,30.63243,42.34949,19.415524,327.80002,3527.9207,5808.7197
Mongolia,2012,29.467186,40.92996,18.045128,271.1,3595.869,5862.9
Mongolia,2013,32.727116,44.3433,21.850946,306.60004,3550.4744,5731.71
Mongolia,2014,34.002155,45.020397,23.688179,256.4,3564.6072,5780.5103
Mongolia,2015,34.478397,45.8378,23.56662,236.9,3539.4832,5813.06
Mongolia,2016,32.3717,43.27251,21.958897,353.90002,3454.5464,5590.76
Mongolia,2017,35.933464,45.772465,26.411617,258.6,3532.2634,5792.76
Mongolia,2018,34.06069,43.86718,24.820713,389.60004,3414.3606,5617.89
Mongolia,2019,35.384575,45.469425,26.253561,279.7,3431.4011,5664.5
Mongolia,2020,35.17491,45.30244,25.631294,246.4,3584.7195,5797.16
Montenegro,1995,54.042873,61.596634,45.841213,2255.7002,3152.1968,5048.43
Montenegro,1996,54.18627,61.458607,46.432293,2639.5002,3020.1252,4958.5303
Montenegro,1997,54.424652,62.39603,46.208855,1585.3,3316.2183,5328.49
Montenegro,1998,55.005608,62.720528,47.095783,1817.9,3291.0388,5273.91
Montenegro,1999,56.077538,63.73124,47.92625,1976.3,3265.1042,5243.88
Montenegro,2000,56.670433,64.81049,47.97385,1743.7999,3446.6729,5549.17
Montenegro,2001,56.277584,63.753437,48.16469,2001.7,3207.6584,5164.83
Montenegro,2002,56.563313,63.9968,48.790497,1762.1001,3125.775,4933.34
Montenegro,2003,56.532112,64.72691,47.894447,1777.0,3374.4585,5448.03
Montenegro,2004,55.738735,63.329426,47.69672,2503.2,3156.227,5047.09
Montenegro,2005,54.349422,62.04343,46.26285,2137.7,3196.87,5096.17
Montenegro,2006,55.062675,63.350277,46.70003,1629.6,3261.1313,5232.65
Montenegro,2007,57.413544,65.35592,49.13842,1740.8,3304.8748,5340.8
Montenegro,2008,57.116615,64.932945,48.931637,1870.3,3257.9744,5251.45
Montenegro,2009,56.864353,64.42264,48.64404,2098.5,3112.8945,5110.5303
Montenegro,2010,56.759224,63.633102,49.1537,3077.9,3043.2034,4976.5303
Montenegro,2011,57.021084,65.596085,48.06803,1029.1,3486.028,5530.48
Montenegro,2012,57.45187,65.57451,48.460487,1911.2,3297.9556,5470.59
Montenegro,2013,57.36899,64.863266,49.348255,2318.0,3172.4895,5088.54
Montenegro,2014,57.639484,64.71039,50.10031,2005.5,3096.823,4916.4004
Montenegro,2015,57.91017,66.41151,49.15913,1287.2,3445.435,5490.14
Montenegro,2016,57.535233,64.91791,49.871925,2348.8,3214.9172,5105.9697
Montenegro,2017,55.709183,65.47837,46.05711,1774.0,3405.2517,5578.99
Montenegro,2018,57.30252,66.74824,48.221302,1952.0001,3217.3608,5260.6504
Montenegro,2019,57.09483,66.4124,47.97966,2115.7998,3239.5452,5442.05
Montenegro,2020,57.074745,66.85453,48.039864,1975.0,3332.1165,5530.6396
Morocco,1995,71.14631,82.652534,59.38273,68.7,3958.78,7770.29
Morocco,1996,70.78524,82.3324,58.750427,52.6,3934.601,7756.88
Morocco,1997,72.204666,83.66497,59.91705,13.299999,3964.264,7747.59
Morocco,1998,71.08089,82.653275,58.891785,32.800003,3968.7373,7804.6396
Morocco,1999,73.607315,85.114586,61.425846,40.6,3922.48,7761.98
Morocco,2000,71.14712,83.04502,58.494194,12.4,4002.5076,7903.0
Morocco,2001,73.488304,85.30174,60.94206,11.1,3986.5996,7893.4795
Morocco,2002,72.482346,84.12336,59.987328,12.4,4011.8894,7886.1797
Morocco,2003,72.280815,83.45563,60.271378,37.700005,3950.6123,7768.59
Morocco,2004,71.64846,82.92797,59.561657,48.200005,3947.703,7796.3696
Morocco,2005,71.93904,83.320755,59.63324,29.3,3962.9966,7775.6997
Morocco,2006,72.16731,83.71132,59.581955,48.800003,3958.254,7775.83
Morocco,2007,72.14451,83.59396,59.724968,40.9,3984.2644,7832.0303
Morocco,2008,72.03435,83.19846,60.03649,11.099999,3988.1914,7819.2305
Morocco,2009,71.35869,82.56894,59.220234,53.300003,3950.7312,7784.5503
Morocco,2010,73.49186,84.696884,60.901627,17.2,3960.7563,7764.5103
Morocco,2011,71.35267,82.54404,58.71993,24.899998,3978.7996,7816.8496
Morocco,2012,72.21156,83.75912,59.18002,22.7,3961.1423,7829.49
Morocco,2013,72.646545,84.03582,60.112587,34.6,3967.949,7806.0195
Morocco,2014,73.52255,85.373985,60.34313,20.5,3999.4407,7866.2
Morocco,2015,72.06135,83.20091,59.85491,29.6,4003.5657,7852.24
Morocco,2016,73.93639,85.2151,61.886166,16.2,3983.8406,7816.44
Morocco,2017,72.25569,83.20387,61.339542,67.100006,3854.9907,7596.6396
Morocco,2018,73.53654,84.42294,62.420773,23.5,3771.604,7306.8896
Morocco,2019,73.35664,84.23456,61.755024,28.1,3826.9028,7391.04
Morocco,2020,74.08527,85.03781,62.489605,8.5,3839.5789,7380.71
Namibia,1995,76.67835,89.10805,62.11396,1.1000001,4042.4023,8666.03
Namibia,1996,77.02664,89.73543,61.971897,1.4000001,4064.1675,8765.14
Namibia,1997,76.200874,88.80722,61.403088,2.5,4059.56,8735.85
Namibia,1998,76.797615,89.44832,62.062183,0.8,4058.9985,8723.51
Namibia,1999,76.962364,89.625114,62.19607,1.7000002,4061.7612,8741.789
Namibia,2000,75.205734,87.83264,60.52944,1.0,4056.7727,8757.88
Namibia,2001,76.88346,89.50972,61.99413,0.6,4064.4697,8778.1
Namibia,2002,76.82882,89.245636,62.182022,0.70000005,4062.869,8734.77
Namibia,2003,77.01166,89.40196,62.333664,0.90000004,4059.2039,8682.93
Namibia,2004,77.551094,90.1815,62.870182,2.6,4068.9016,8734.07
Namibia,2005,78.076485,90.4509,63.712265,2.8000002,4041.1,8639.939
Namibia,2006,77.26142,89.66111,62.70821,0.0,4050.2979,8681.301
Namibia,2007,77.6085,90.1158,63.01076,1.3000001,4049.8823,8647.1
Namibia,2008,77.2851,89.51215,63.017967,0.8000001,4057.9634,8697.131
Namibia,2009,77.98376,90.33057,63.533497,0.7,4039.713,8617.609
Namibia,2010,80.33489,93.00518,65.23338,2.6000001,4054.075,8669.16
Namibia,2011,77.387314,89.56767,63.244263,1.5,4049.936,8641.46
Namibia,2012,77.46911,89.486084,63.14559,1.0,4068.5415,8654.789
Namibia,2013,78.415184,90.77909,63.736183,3.4,4040.119,8659.43
Namibia,2014,78.44542,90.82791,63.828644,2.9,4039.574,8668.311
Namibia,2015,76.973495,88.93914,62.859856,3.6,4033.9395,8606.15
Namibia,2016,79.0449,91.28927,64.722046,3.3,4037.8088,8582.189
Namibia,2017,77.38003,88.7379,64.74265,4.9,4000.4673,8471.13
Namibia,2018,80.524315,91.9806,67.78244,4.2000003,3888.0164,8129.6006
Namibia,2019,78.75288,89.90492,66.15331,2.6999998,3861.5083,8095.18
Namibia,2020,78.81457,89.91856,66.50798,0.5,3950.2856,8243.06
Nepal,1995,52.355896,59.7479,43.89656,2430.2,3374.9377,5904.7197
Nepal,1996,52.756245,59.870903,44.4718,2632.0,3322.3218,5768.1797
Nepal,1997,50.811096,58.202858,42.09261,2410.0,3426.9294,5886.9297
Nepal,1998,53.408867,60.38382,45.167408,3024.9001,3263.8123,5687.86
Nepal,1999,53.84194,60.992363,45.691128,2276.5999,3393.6548,5932.25
Nepal,2000,52.253704,59.010983,44.470078,2618.0,3305.0364,5598.3096
Nepal,2001,52.88992,59.856396,44.76623,2141.6,3445.9866,5880.06
Nepal,2002,52.334354,59.461872,43.952286,2356.9001,3396.7485,5728.8
Nepal,2003,52.6168,59.668503,44.382557,2489.4001,3386.8044,5913.2
Nepal,2004,52.68953,59.505486,45.244423,2716.2,3444.3892,5808.69
Nepal,2005,52.46349,59.906452,43.75305,1889.7001,3487.1917,6100.0303
Nepal,2006,53.63833,60.844173,45.14916,2084.9,3421.8423,6005.52
Nepal,2007,53.26325,60.13502,45.411514,3727.4,3239.785,5625.16
Nepal,2008,53.007248,60.110657,44.89869,2554.0999,3315.785,5779.16
Nepal,2009,54.22534,61.340034,45.72516,2018.8,3503.4795,6154.0996
Nepal,2010,54.00097,61.353355,45.34149,2774.5999,3382.765,5965.91
Nepal,2011,52.76281,59.62683,44.914913,3329.0,3288.4133,5654.45
Nepal,2012,51.956577,59.490246,42.785652,2232.9,3459.456,6170.08
Nepal,2013,52.761143,59.813732,44.756363,2950.7002,3198.541,5596.91
Nepal,2014,52.595215,59.968338,43.98138,2441.5,3382.3433,5930.6904
Nepal,2015,52.615166,59.59034,44.395622,2716.9001,3436.515,5787.59
Nepal,2016,54.21713,60.712585,47.124588,3190.8,3224.912,5565.5503
Nepal,2017,57.09651,63.210037,49.459274,3879.2002,3268.3103,5648.44
Nepal,2018,56.476692,62.182064,49.079548,4191.6,3009.9343,5278.7207
Nepal,2019,56.6452,62.375137,49.02086,3632.4004,3125.3323,5467.27
Nepal,2020,56.34578,61.945515,49.31871,4405.0,2929.2122,5296.1895
New Zealand,1995,52.747944,54.860493,50.855618,1989.7,2158.772,3993.6797
New Zealand,1996,53.25792,55.163197,51.61681,1713.3999,2471.9956,4357.5
New Zealand,1997,51.096275,53.10093,49.197647,1645.9,2287.6787,4220.52
New Zealand,1998,53.35212,55.64485,51.352715,1719.4001,2515.5889,4525.7603
New Zealand,1999,53.213226,55.593807,51.05288,1885.2,2128.2446,4136.5605
New Zealand,2000,51.087902,53.415825,49.126804,1964.0,2185.438,4058.4
New Zealand,2001,52.94709,55.30507,50.883476,1896.8999,2271.8662,4237.98
New Zealand,2002,52.639194,55.0866,50.533092,1775.3,2205.018,4064.3499
New Zealand,2003,52.719383,55.09992,50.628517,1736.3,2191.5962,4190.04
New Zealand,2004,52.97423,55.181885,50.95877,1612.9,2277.6194,4150.9004
New Zealand,2005,52.98216,55.300877,50.97841,1860.2,2326.037,4194.65
New Zealand,2006,54.40428,56.57345,52.478573,1637.2999,2350.0867,4246.32
New Zealand,2007,52.64186,54.80551,50.670933,2087.5,2234.7305,4122.37
New Zealand,2008,54.08913,56.10721,52.33459,1715.1,2524.6108,4463.0
New Zealand,2009,53.341793,55.522797,51.349262,1870.5,2243.2322,4140.01
New Zealand,2010,53.97013,56.353752,51.814796,1681.2001,2195.5435,4138.52
New Zealand,2011,55.242798,57.651974,53.07874,1752.6001,2465.7817,4330.88
New Zealand,2012,54.16065,56.16131,52.308525,1715.1001,2311.8945,4231.29
New Zealand,2013,54.46009,56.61167,52.425316,1967.4999,2403.956,4272.5596
New Zealand,2014,52.714542,54.81882,50.74762,1641.8,2291.1277,4171.7803
New Zealand,2015,52.72654,54.843483,50.890636,1725.7,2210.8503,4127.25
New Zealand,2016,51.2533,53.82377,49.13959,1614.1001,2437.854,4404.7803
New Zealand,2017,54.000523,56.016438,52.066544,1852.8,2204.9424,4239.59
New Zealand,2018,54.393684,56.726574,52.19748,1785.9999,2254.517,4298.73
New Zealand,2019,52.89542,55.238743,50.69287,1760.3999,2193.9036,4233.45
New Zealand,2020,54.74128,57.115658,52.491962,2214.1,2214.587,4197.2803
Norway,1995,33.2179,39.14726,27.058655,709.5,2654.927,3587.5298
Norway,1996,30.445232,36.726974,23.884027,685.7,2634.97,3489.42
Norway,1997,34.012943,39.83323,27.759174,701.2,2746.3367,3562.51
Norway,1998,32.467236,37.91882,26.774845,790.8,2249.209,3108.6602
Norway,1999,34.16098,39.800434,28.206219,786.3,2489.4893,3367.2402
Norway,2000,35.26794,40.495667,29.849108,1008.5,2329.7913,3203.2402
Norway,2001,32.187935,37.967396,26.24545,692.80005,2665.7373,3368.08
Norway,2002,34.305195,40.079063,28.109556,736.4,2729.727,3484.75
Norway,2003,34.60131,40.946762,28.082684,735.0,2736.4873,3500.9502
Norway,2004,34.58636,40.44452,28.35255,831.6,2640.8423,3356.43
Norway,2005,35.26615,41.241177,29.039642,748.1,2646.7478,3372.13
Norway,2006,35.822517,41.937256,29.416409,825.69995,2593.6873,3489.3298
Norway,2007,34.53115,40.478764,28.386215,835.1,2603.7285,3340.96
Norway,2008,34.619797,40.528618,28.219519,868.8,2690.2273,3519.1702
Norway,2009,33.689438,39.314438,27.76978,847.0,2569.8005,3351.42
Norway,2010,29.602654,35.683617,23.36323,648.80005,2589.6064,3362.43
Norway,2011,35.35006,41.138103,29.514297,1051.4,2487.3577,3140.27
Norway,2012,32.666576,38.087795,26.94919,918.3,2516.3516,3254.9302
Norway,2013,33.443455,39.80438,26.997507,818.9,2684.8118,3416.0698
Norway,2014,36.83062,42.082737,31.288406,885.80005,2406.2463,3329.76
Norway,2015,35.478985,41.267063,29.564846,889.60004,2644.635,3440.6099
Norway,2016,35.009583,40.839306,28.894878,748.7,2649.3953,3369.51
Norway,2017,36.73994,42.77263,30.479368,847.4,2410.996,3218.6099
Norway,2018,37.343884,43.83833,30.729645,738.3,2657.43,3720.76
Norway,2019,37.42801,43.520245,31.311562,898.5,2376.0906,3320.85
Norway,2020,39.010273,44.976818,32.76559,991.19995,2684.4353,3600.71
Peru,1995,80.83314,81.97071,79.45244,1619.6,3798.0344,7438.9697
Peru,1996,80.49636,81.616554,79.0968,1792.1,3752.196,7343.01
Peru,1997,80.99522,82.29841,79.43197,1779.8,3749.633,7309.88
Peru,1998,81.452324,82.61674,80.045944,2097.3,3654.7075,7230.79
Peru,1999,80.361855,81.488655,79.03005,1926.5,3741.9695,7295.63
Peru,2000,80.766815,81.93967,79.40861,1602.7,3784.9905,7368.1797
Peru,2001,80.771545,81.97318,79.298325,1797.9001,3722.4233,7264.56
Peru,2002,81.02384,82.26907,79.5274,1683.4,3718.4888,7291.5996
Peru,2003,81.39514,82.6774,79.800606,1876.3,3650.719,7133.03
Peru,2004,80.835266,82.12803,79.32377,2048.5,3664.913,7139.3896
Peru,2005,81.064896,82.24909,79.63614,1846.9998,3684.4753,7176.07
Peru,2006,81.03733,82.24663,79.62529,1754.6,3672.9797,7178.35
Peru,2007,80.89802,82.13789,79.423836,2220.5,3548.5015,7038.3496
Peru,2008,80.80283,82.00951,79.342705,2001.3,3631.703,7120.59
Peru,2009,81.153305,82.358574,79.691864,2086.6,3597.4812,7124.7793
Peru,2010,81.33668,82.55067,79.87582,2151.1,3415.112,6734.63
Peru,2011,80.983955,82.178825,79.5385,2307.6,3562.787,7073.7397
Peru,2012,81.12342,82.19271,79.79172,1431.3,3681.6484,7304.35
Peru,2013,81.05575,82.21704,79.69458,1764.2001,3641.0254,7073.61
Peru,2014,81.26538,82.46682,79.76954,2113.0,3566.3965,6993.06
Peru,2015,81.46458,82.7706,79.79222,1927.1,3678.8594,7084.03
Peru,2016,81.8133,82.96361,80.41041,1287.4,3729.8809,7289.88
Peru,2017,81.73581,83.11976,80.02647,2126.5,3625.149,7047.0
Peru,2018,81.68668,83.2386,79.758934,2236.6,3482.65,6817.95
Peru,2019,82.32805,83.69748,80.60247,2089.5999,3472.6807,6885.8594
Peru,2020,82.21094,83.59066,80.45246,2022.7,3487.7927,6848.27
Philippines,1995,80.58767,86.71261,75.13293,3925.7002,3507.8184,6571.9805
Philippines,1996,80.35281,86.74365,74.93472,3982.2004,3554.4229,6449.49
Philippines,1997,80.577225,87.50288,74.62227,2250.7,3743.8955,6954.6104
Philippines,1998,81.63803,88.69581,75.57824,2719.7002,3735.4216,6954.1504
Philippines,1999,80.61243,86.99222,75.15586,3928.5,3420.7686,6290.01
Philippines,2000,80.682175,86.70751,75.72284,3788.4,3404.8708,6292.2397
Philippines,2001,81.03835,86.919975,76.172005,4292.5996,3490.9429,6438.43
Philippines,2002,80.95616,87.566,75.613014,2749.8,3702.8938,6761.75
Philippines,2003,80.85211,87.38403,75.480354,2761.5,3632.8694,6728.91
Philippines,2004,80.91339,87.38742,75.61341,2568.0,3595.655,6596.5596
Philippines,2005,80.988914,87.414116,75.67515,3402.9,3551.797,6545.77
Philippines,2006,81.37869,87.79236,76.06671,3622.8,3471.8594,6475.7305
Philippines,2007,81.277374,87.72504,76.01148,3208.6997,3531.8684,6574.75
Philippines,2008,80.73394,86.908905,75.715706,4540.2,3288.7483,6122.3604
Philippines,2009,80.954506,87.13128,75.849236,3599.0,3380.7556,6245.76
Philippines,2010,81.47469,87.961266,76.08693,2960.6,3583.7346,6737.5103
Philippines,2011,80.77711,86.68819,76.02159,4250.6,3265.6973,6042.8
Philippines,2012,81.43474,87.73784,76.295296,3903.6,3378.5264,6271.55
Philippines,2013,81.24442,87.37392,76.22575,3629.1,3356.125,6266.96
Philippines,2014,81.046555,87.153984,75.99027,3754.1997,3373.451,6367.44
Philippines,2015,81.58458,87.98986,76.14044,2431.4,3689.4282,6881.4
Philippines,2016,81.90302,88.04049,76.85866,3735.6,3465.5308,6502.02
Philippines,2017,81.3632,83.02729,79.58169,2616.5,3506.3184,6992.75
Philippines,2018,81.33958,82.94099,79.72071,1779.9,3544.6873,7130.65
Philippines,2019,81.570015,83.16784,79.91896,1532.0,3648.604,7484.1904
Philippines,2020,81.766754,83.54221,79.79394,3096.0,3542.5989,7218.69
Portugal,1995,64.98644,73.72385,56.537292,283.90002,3831.5093,6461.1895
Portugal,1996,64.00832,72.0817,56.179245,700.69995,3678.5078,6208.06
Portugal,1997,65.70227,74.3965,57.479206,434.2,3801.581,6378.0
Portugal,1998,64.60069,73.66959,56.08828,346.2,3735.3127,6378.47
Portugal,1999,66.052025,74.98951,57.811592,339.9,3774.9988,6439.28
Portugal,2000,65.57822,74.495476,57.431625,372.7,3827.3545,6465.9697
Portugal,2001,65.8863,74.739235,57.80444,296.09998,3769.87,6418.75
Portugal,2002,65.29275,73.90457,57.255318,407.5,3790.4219,6377.2803
Portugal,2003,66.45907,75.54825,57.597073,536.80005,3764.0283,6405.56
Portugal,2004,64.99051,73.55638,56.82941,539.10004,3740.343,6257.74
Portugal,2005,64.310234,72.792274,56.318333,410.80005,3736.311,6317.6797
Portugal,2006,66.263916,74.87658,58.362938,383.00003,3826.6362,6451.37
Portugal,2007,65.76101,74.33658,57.668823,396.10004,3796.6187,6328.79
Portugal,2008,65.40521,74.45023,56.914734,467.7,3792.1592,6406.33
Portugal,2009,65.55294,74.27198,57.177654,563.4,3768.8945,6371.25
Portugal,2010,64.639984,73.10913,56.435955,602.6,3678.7673,6239.46
Portugal,2011,65.36874,74.42436,56.661808,481.90002,3770.064,6367.2803
Portugal,2012,65.86093,74.76523,57.16482,387.6,3805.8381,6484.7197
Portugal,2013,65.033394,73.72187,56.701015,611.6,3744.6667,6250.5
Portugal,2014,66.17468,75.38724,57.393898,424.60004,3762.0916,6366.55
Portugal,2015,65.84013,75.1239,57.277016,418.5,3779.5818,6383.73
Portugal,2016,66.10056,75.527626,57.244247,423.7,3754.3638,6380.0903
Portugal,2017,65.39541,67.09704,63.69174,371.0,3782.4822,6521.22
Portugal,2018,65.858795,67.491806,64.24022,755.9,3529.2495,5963.8403
Portugal,2019,65.35178,67.10345,63.561398,667.0,3630.9734,6216.85
Portugal,2020,65.80033,67.401726,64.179184,453.6,3712.6006,6306.41
Romania,1995,45.60351,53.606323,38.0992,789.7001,3107.174,4575.5103
Romania,1996,44.93085,53.09818,37.416786,837.99994,3016.7815,4636.73
Romania,1997,44.77263,52.277527,38.067394,853.6,2973.2615,4440.5996
Romania,1998,45.554077,53.61052,38.132736,790.1,3023.8118,4506.19
Romania,1999,46.807144,55.042133,39.234924,886.0,3039.5093,4568.0303
Romania,2000,47.256126,56.2708,38.938915,536.7,3326.9822,4982.12
Romania,2001,46.33311,54.64712,38.832268,781.0,3075.686,4654.37
Romania,2002,47.374737,55.820324,39.80057,688.2001,3160.554,4748.77
Romania,2003,46.40488,54.924515,38.48879,555.4,3258.6567,4942.3203
Romania,2004,46.218056,54.321293,38.547935,639.10004,3060.9119,4680.54
Romania,2005,45.657043,53.670185,38.24123,892.4,3049.37,4661.17
Romania,2006,45.917892,54.464157,38.0669,787.19995,3130.3877,4714.4004
Romania,2007,48.373817,56.633038,40.562244,797.1,3243.217,4938.63
Romania,2008,47.434887,55.953583,39.604816,683.69995,3210.1606,4828.19
Romania,2009,48.29246,56.731667,40.41134,548.0,3283.1692,4999.63
Romania,2010,46.92559,55.221146,39.497288,880.9,3031.23,4546.8896
Romania,2011,46.72484,55.223854,39.142708,574.3,3373.67,5026.97
Romania,2012,47.997524,56.879654,39.46195,600.69995,3217.5818,5032.71
Romania,2013,48.10955,56.525776,40.53364,604.9,3213.8428,4807.4404
Romania,2014,49.12978,57.640545,41.51378,607.8,3198.47,4814.88
Romania,2015,48.68349,56.70109,41.230465,643.1,3036.5662,4727.9697
Romania,2016,47.79649,55.819042,40.41454,764.5,3109.0667,4634.06
Romania,2017,47.720753,56.447918,40.267647,774.7,3083.776,4877.18
Romania,2018,49.160107,57.9397,41.731068,819.10004,3113.4736,4978.8896
Romania,2019,49.585636,58.630363,42.028442,734.2001,3176.3428,5009.04
Romania,2020,48.802563,57.73812,41.45427,940.0,3100.3232,4895.65
Slovenia,1995,50.001713,57.412106,42.4112,1095.0,2811.8027,4510.54
Slovenia,1996,47.461437,54.40402,40.043365,1089.3,2638.1,4268.75
Slovenia,1997,49.558895,57.279446,41.66827,938.80005,2953.3958,4672.2
Slovenia,1998,50.202755,58.082546,42.438076,996.0,2933.4744,4587.7197
Slovenia,1999,49.785263,57.4666,42.11876,1153.6,2821.8735,4419.91
Slovenia,2000,51.99933,60.219593,43.86935,939.4,3202.621,4914.0703
Slovenia,2001,50.926064,58.520714,43.30109,942.39996,2931.4744,4556.73
Slovenia,2002,51.275932,58.684933,43.928623,1027.7,2805.0042,4465.31
Slovenia,2003,51.00185,59.203724,42.58035,763.9,3143.6394,4950.84
Slovenia,2004,49.37072,56.637054,42.09197,1097.8,2717.4683,4345.83
Slovenia,2005,48.879097,56.455887,41.06169,1040.3,2840.147,4484.37
Slovenia,2006,50.271973,58.00068,42.240818,951.0,2977.7507,4651.08
Slovenia,2007,51.926357,59.75704,44.049694,1003.9,2974.574,4694.7803
Slovenia,2008,51.280216,58.850655,43.80295,970.2,2932.6365,4556.4697
Slovenia,2009,51.288574,58.850376,43.603886,984.2,2939.7305,4655.33
Slovenia,2010,49.095345,56.085777,41.64312,1158.9,2673.8298,4352.9404
Slovenia,2011,51.992085,60.074627,44.086433,632.5,3151.6145,4910.7
Slovenia,2012,51.705135,59.785828,43.80566,920.5,3063.346,4796.96
Slovenia,2013,50.850655,57.863335,43.717556,1088.6001,2714.5378,4439.6895
Slovenia,2014,52.77077,59.831753,45.679558,1326.6001,2747.7588,4343.8604
Slovenia,2015,52.423386,60.071175,44.84638,962.60004,2934.6953,4626.8
Slovenia,2016,51.801968,59.056107,44.640373,1038.8999,2836.3523,4492.98
Slovenia,2017,52.329945,60.482582,45.00493,1156.8,3154.361,4891.73
Slovenia,2018,52.876247,60.289764,46.253216,1074.3,2942.9395,4705.48
Slovenia,2019,53.165947,60.855896,46.425327,1218.1,2973.7542,4730.37
Slovenia,2020,52.688614,61.040665,45.615005,1084.2,3149.9614,4906.59
Spain,1995,63.7183,65.206055,62.353424,344.9,3784.3032,6212.09
Spain,1996,62.90977,64.43689,61.502785,627.69995,3605.1316,5955.8096
Spain,1997,64.56115,65.821014,63.318275,287.5,3725.4395,6237.11
Spain,1998,63.618065,64.98562,62.236794,418.50003,3685.5496,6165.1396
Spain,1999,63.934723,65.31503,62.576572,312.5,3811.5933,6278.28
Spain,2000,63.839993,65.16721,62.566555,292.60004,3777.2861,6286.21
Spain,2001,63.68802,65.105446,62.375614,366.80002,3772.2056,6262.79
Spain,2002,63.654186,65.01199,62.34504,553.1,3657.9045,6116.82
Spain,2003,64.72058,66.15216,63.38386,607.1,3715.7214,6212.4297
Spain,2004,63.56202,64.97123,62.23951,439.0,3673.439,6073.25
Spain,2005,63.03356,64.44241,61.66449,452.09998,3769.4895,6246.81
Spain,2006,64.69267,65.97685,63.505672,486.19998,3787.8083,6213.09
Spain,2007,63.465252,64.80265,62.176872,414.0,3782.3823,6182.21
Spain,2008,63.41493,64.81533,62.06025,534.80005,3696.2856,6084.0596
Spain,2009,64.12368,65.51871,62.751392,541.5,3723.1558,6244.2803
Spain,2010,62.89632,64.4831,61.440605,628.5,3633.073,6024.87
Spain,2011,64.67747,65.863434,63.52244,466.9,3763.3232,6254.96
Spain,2012,63.986855,65.45762,62.65828,348.7,3838.609,6416.7803
Spain,2013,63.586723,65.09066,62.230137,510.10004,3679.9482,6147.88
Spain,2014,65.06897,66.4409,63.733753,442.40002,3780.2358,6265.9795
Spain,2015,64.75175,66.05477,63.509125,419.2,3765.736,6275.3896
Spain,2016,64.80452,66.145164,63.545494,278.5,3734.7434,6183.7397
Spain,2017,64.83113,66.38222,63.338497,465.19998,3684.1914,6222.7197
Spain,2018,65.133804,66.684525,63.6297,666.19995,3528.5452,5921.3
Spain,2019,64.62579,66.153885,63.163914,393.8,3721.338,6239.0195
Spain,2020,65.518684,66.90353,64.14648,526.8,3665.8271,6096.3
Sweden,1995,43.04434,47.430832,38.709213,576.3,2754.0461,3613.87
Sweden,1996,41.70937,46.052456,37.362534,494.4,2766.583,3652.11
Sweden,1997,44.305748,48.4736,40.14379,521.4,2800.852,3721.6602
Sweden,1998,42.829636,46.74042,38.90253,673.7,2457.9333,3244.92
Sweden,1999,44.99665,49.448807,40.46656,588.7,2740.7817,3649.9102
Sweden,2000,45.231606,49.360325,41.291553,650.1,2623.9473,3454.5503
Sweden,2001,43.855347,48.026318,39.714256,574.9,2717.0571,3550.64
Sweden,2002,44.95501,49.403683,40.48431,535.2,2880.3127,3826.4
Sweden,2003,44.025536,48.451904,39.56927,615.6,2782.9744,3666.9
Sweden,2004,43.84024,48.15147,39.58352,482.30002,2800.9556,3617.4302
Sweden,2005,44.497417,48.84815,40.275707,566.1,2883.8032,3715.24
Sweden,2006,45.463387,49.843327,41.208504,552.2,2751.5977,3684.06
Sweden,2007,45.157566,49.42267,40.95601,561.6,2688.2395,3575.7002
Sweden,2008,45.57312,49.529255,41.650074,733.9,2707.284,3592.19
Sweden,2009,44.27811,48.34908,40.1793,558.9,2655.9504,3630.7603
Sweden,2010,41.156662,45.313736,36.912914,556.2,2638.8225,3573.99
Sweden,2011,45.31322,49.53585,40.958725,562.2,2812.405,3633.17
Sweden,2012,43.359337,47.440323,39.367615,787.3,2558.4812,3377.2002
Sweden,2013,44.37715,48.830887,40.02716,518.1,2872.0605,3718.6401
Sweden,2014,46.01508,49.904472,42.20615,483.1,2608.1882,3578.82
Sweden,2015,46.00935,50.25831,41.93097,568.9,2802.9438,3567.58
Sweden,2016,44.746674,48.869003,40.739983,550.0,2719.1968,3526.45
Sweden,2017,44.113907,49.343872,38.87255,672.2001,2694.379,3495.54
Sweden,2018,45.472935,50.926136,39.665783,447.9,2782.6384,3878.94
Sweden,2019,45.05154,50.068546,39.84307,792.8,2618.2434,3586.31
Sweden,2020,47.37812,52.557133,42.10336,576.8,2854.495,3785.83
Switzerland,1995,37.146057,44.24652,29.485044,2208.4,3025.5771,4723.45
Switzerland,1996,36.31346,43.275963,28.974815,1957.2001,3046.0427,4820.85
Switzerland,1997,38.36532,45.97058,30.417591,1758.4,3176.1758,4966.6396
Switzerland,1998,36.984577,44.36167,29.383701,1954.3,3067.1575,4856.9004
Switzerland,1999,37.313923,44.33134,29.961674,2523.1,2950.6758,4598.4297
Switzerland,2000,38.202293,45.37449,30.586946,2015.3,3002.077,4760.1396
Switzerland,2001,37.51268,44.61737,30.10888,2249.6,3019.2407,4759.67
Switzerland,2002,38.10281,45.305813,30.649126,2332.6,2946.4734,4712.3496
Switzerland,2003,38.546852,46.31825,30.042795,1620.7999,3341.6396,5230.51
Switzerland,2004,37.33576,44.32621,30.009323,1874.3,3138.7266,4915.2305
Switzerland,2005,36.51295,44.142467,28.550768,1798.8,3123.3774,4861.78
Switzerland,2006,38.13245,45.794765,30.215889,1854.5,3181.536,4909.49
Switzerland,2007,38.323208,45.777756,30.561098,2157.4,3098.3335,4881.88
Switzerland,2008,37.76459,44.76588,30.436699,1966.7001,3005.7312,4779.7705
Switzerland,2009,37.85462,44.963314,30.086441,1870.5,3137.8452,4891.93
Switzerland,2010,35.938534,42.634163,28.66518,1958.9,2924.1758,4652.88
Switzerland,2011,39.794643,47.613266,31.627537,1898.7999,3294.6328,5059.1104
Switzerland,2012,37.93865,45.23432,30.383093,2208.4,3111.5461,4867.68
Switzerland,2013,37.16618,44.161205,29.819397,1958.3,3015.0103,4791.34
Switzerland,2014,39.547176,46.723125,32.134743,2002.7999,3044.4316,4770.34
Switzerland,2015,39.68576,47.163506,31.960167,1875.7,3156.3157,4894.84
Switzerland,2016,39.093834,46.097122,31.738188,2011.7,3029.0662,4715.48
Switzerland,2017,39.299892,47.033108,32.373955,2241.8,2927.3079,4739.99
Switzerland,2018,41.214184,48.75173,34.321163,2008.7999,3009.4075,4882.48
Switzerland,2019,40.20201,47.665573,33.506966,2200.9,2870.8757,4831.7
Switzerland,2020,40.67276,48.639046,33.56429,1816.8,3049.4033,4912.32
Thailand,1995,80.34268,88.7325,73.225624,1585.2,3555.2673,6718.3496
Thailand,1996,79.34504,87.5343,72.425865,1801.7999,3522.0,6666.1797
Thailand,1997,80.73785,89.25795,73.425095,1298.4,3601.9905,6916.6797
Thailand,1998,81.740425,90.20455,74.4479,1450.6,3709.4182,7060.0996
Thailand,1999,79.21274,87.35562,72.59636,1692.8,3513.3926,6603.8
Thailand,2000,79.39788,87.57537,72.46668,1848.3999,3454.9504,6638.2095
Thailand,2001,79.980125,87.70674,73.36592,1520.2,3500.0308,6571.09
Thailand,2002,80.255684,88.19422,73.71063,1787.3999,3474.3083,6472.48
Thailand,2003,80.20263,88.52933,73.07743,1351.5,3613.0405,6886.42
Thailand,2004,80.277885,88.89389,72.75267,1209.5,3594.639,6974.0195
Thailand,2005,80.55837,88.64965,73.683266,1395.1001,3530.2834,6686.7295
Thailand,2006,80.314156,88.555214,73.32795,1530.1,3516.635,6706.83
Thailand,2007,80.4088,88.6568,73.34842,1524.6001,3480.14,6683.54
Thailand,2008,79.03813,87.06439,72.401764,1801.2998,3507.4658,6598.1904
Thailand,2009,79.84338,88.0448,72.819016,1743.9,3560.01,6792.67
Thailand,2010,81.521904,89.45767,74.70927,1403.4,3487.1335,6678.05
Thailand,2011,78.87587,86.67359,72.39811,1988.1001,3331.4155,6285.1104
Thailand,2012,81.21295,89.12308,74.56595,1312.6001,3594.8613,6623.64
Thailand,2013,80.71925,88.840744,73.64406,1427.8,3473.0208,6697.02
Thailand,2014,80.39264,88.665436,73.26458,1366.1,3598.182,6788.699
Thailand,2015,81.09529,89.24809,74.099976,1309.5,3536.9595,6729.46
Thailand,2016,81.34232,89.39903,74.411514,1516.8,3476.4216,6620.0996
Thailand,2017,80.44633,87.83652,74.35569,2055.8,3192.3064,6291.8203
Thailand,2018,80.42194,88.07125,74.16614,1748.1001,3258.5115,6211.7197
Thailand,2019,81.94316,90.22387,74.85999,1672.4001,3446.891,6645.19
Thailand,2020,81.49461,89.4542,74.53755,1735.3,3473.929,6693.66
Turkey,1995,49.946625,61.203262,39.09113,493.5,3684.5168,6447.9297
Turkey,1996,51.139545,62.426876,40.26967,532.8,3623.9773,6453.74
Turkey,1997,48.756073,60.08948,37.789207,436.7,3638.3467,6442.3
Turkey,1998,51.35345,62.91647,40.2123,449.2,3639.656,6535.79
Turkey,1999,51.45367,63.108303,40.309208,299.7,3763.9634,6518.47
Turkey,2000,48.513542,59.750732,37.430733,409.7,3662.1506,6581.37
Turkey,2001,52.45546,63.939995,40.980385,355.6,3724.3823,6636.6597
Turkey,2002,49.018906,60.54466,37.74704,392.19998,3697.031,6572.04
Turkey,2003,49.70098,60.92562,38.652466,328.0,3603.4592,6571.4297
Turkey,2004,49.244205,60.950733,37.462948,348.5,3694.7278,6614.42
Turkey,2005,50.070633,61.461185,38.87907,358.19998,3646.7517,6460.12
Turkey,2006,50.58534,62.077118,39.404274,301.8,3729.0728,6579.5503
Turkey,2007,51.292957,63.079697,39.71052,375.2,3680.2563,6642.04
Turkey,2008,48.87242,60.837612,37.21606,378.4,3713.3577,6696.9995
Turkey,2009,50.079773,61.150246,39.287643,515.9,3590.7183,6358.88
Turkey,2010,53.70769,65.39159,42.467476,474.8,3653.5923,6482.04
Turkey,2011,48.78691,59.783478,38.36866,376.0,3613.48,6367.83
Turkey,2012,50.739834,62.03762,39.65344,449.6,3618.3948,6551.7104
Turkey,2013,50.900322,62.374245,39.661453,334.7,3681.8635,6618.3203
Turkey,2014,53.168358,64.758385,42.11167,384.3,3692.7979,6535.8896
Turkey,2015,50.942726,62.194736,40.18296,434.59998,3646.9119,6385.9297
Turkey,2016,51.354836,62.748444,39.994423,442.59998,3662.9084,6541.5103
Turkey,2017,52.073753,62.873367,41.984814,360.69998,3728.0322,6623.47
Turkey,2018,54.4323,64.64107,44.655148,395.40002,3566.938,6462.69
Turkey,2019,52.351696,62.588818,42.748375,363.3,3528.157,6356.8994
Turkey,2020,52.62282,62.86087,42.616276,389.0,3574.1738,6575.9497
United Kingdom,1995,49.830822,51.210926,48.438194,683.10004,2975.8132,4174.84
United Kingdom,1996,47.28881,48.525818,46.095814,653.1,2767.0605,4010.9302
United Kingdom,1997,50.106277,51.427425,48.814217,648.8,2746.186,3989.09
United Kingdom,1998,49.447933,50.7232,48.22392,923.10004,2678.1309,3696.54
United Kingdom,1999,50.631214,51.997753,49.31723,709.60004,3012.44,4076.1401
United Kingdom,2000,49.866188,51.078526,48.693775,889.60004,2699.8303,3777.92
United Kingdom,2001,49.209717,50.428055,48.00397,742.9,2895.6687,4065.3198
United Kingdom,2002,50.881294,52.1055,49.731228,742.4,2798.2017,3950.9502
United Kingdom,2003,50.753723,51.970627,49.501423,602.0,3037.209,4209.0
United Kingdom,2004,50.45906,51.745167,49.18877,754.60004,2929.9722,4062.89
United Kingdom,2005,50.10763,51.474026,48.809776,762.0,2932.6333,3983.3599
United Kingdom,2006,50.989872,52.220654,49.74652,665.6,2940.2246,4176.47
United Kingdom,2007,50.907875,52.26282,49.612137,694.9,2876.4985,3968.15
United Kingdom,2008,50.392963,51.74049,49.090656,745.5,3039.0557,4118.04
United Kingdom,2009,50.374374,51.66192,49.121704,711.7,2977.5266,4163.08
United Kingdom,2010,48.008,49.301205,46.715862,734.6,2858.1448,4007.7598
United Kingdom,2011,50.032158,51.37318,48.750847,724.1,2832.7327,3986.3896
United Kingdom,2012,49.326347,50.68287,48.053688,824.2001,2823.234,3934.52
United Kingdom,2013,48.71984,49.96523,47.545837,625.4,2949.7761,4142.36
United Kingdom,2014,51.6913,52.951015,50.462082,796.10004,2933.1057,4140.7603
United Kingdom,2015,50.36279,51.69077,49.066463,813.7,2880.4604,3987.17
United Kingdom,2016,50.736607,51.95123,49.54459,762.7999,2973.1877,4026.96
United Kingdom,2017,50.87954,52.260605,49.542114,879.80005,2759.676,3947.3901
United Kingdom,2018,50.43155,51.782246,49.109127,737.9,2778.486,4132.76
United Kingdom,2019,51.151653,52.48572,49.90581,843.3,2889.7063,4147.8003
United Kingdom,2020,51.39421,52.79516,50.08951,817.5,2923.0522,4163.7197
Tanzania,1995,81.45373,91.27569,72.40454,522.4,3840.0813,7198.3003
Tanzania,1996,79.603775,89.09535,70.80199,859.19995,3737.7366,7011.88
Tanzania,1997,80.83787,90.43364,72.08399,761.9,3652.4934,7143.64
Tanzania,1998,81.79339,91.27101,73.01408,566.0,3783.3335,7188.2
Tanzania,1999,81.325485,91.1778,71.939,563.6,3810.1978,7178.71
Tanzania,2000,82.11456,91.86444,72.52673,397.6,3841.5527,7270.43
Tanzania,2001,80.7936,90.72213,71.73829,652.6,3842.8645,7204.9
Tanzania,2002,81.88196,91.617935,72.833824,471.90002,3807.3584,7217.85
Tanzania,2003,81.59978,91.43843,72.53991,573.19995,3781.4055,7194.2695
Tanzania,2004,81.47063,91.188705,72.546906,562.9,3809.709,7233.45
Tanzania,2005,82.62187,92.41043,73.26804,549.5,3797.4763,7302.97
Tanzania,2006,80.89815,90.47308,72.194214,721.9,3714.9983,7025.86
Tanzania,2007,80.857086,90.33994,71.727196,635.10004,3747.7234,7088.2
Tanzania,2008,80.77982,90.43625,71.468864,669.30005,3749.8936,7129.11
Tanzania,2009,82.349495,92.20109,72.95711,518.9,3835.7764,7281.94
Tanzania,2010,82.1677,91.90174,73.13243,489.5,3736.0984,7077.76
Tanzania,2011,80.99897,90.676025,71.73483,657.10004,3778.7886,7176.1797
Tanzania,2012,80.56951,89.985016,71.60288,778.9,3748.087,7101.76
Tanzania,2013,81.08924,90.73052,72.07339,630.0,3755.2212,7093.62
Tanzania,2014,81.39012,90.791664,72.203835,633.5,3780.4912,7098.88
Tanzania,2015,82.26203,92.06374,73.15264,542.6,3823.3833,7297.7803
Tanzania,2016,83.312675,92.98911,74.00952,404.5,3816.713,7315.0303
Tanzania,2017,82.08971,92.98707,73.41194,626.0,3817.591,7243.25
Tanzania,2018,81.74839,92.489975,73.168335,571.3,3752.7878,7128.77
Tanzania,2019,80.88233,91.29902,72.63918,834.69995,3741.8594,7000.9497
Tanzania,2020,80.19067,90.71565,71.87787,824.7,3674.149,6967.12
United States,1995,41.703426,52.63235,27.895668,22.6,3830.054,7496.79
United States,1996,42.60077,53.52093,29.069704,42.600002,3842.619,7400.3105
United States,1997,42.6656,53.719006,28.707396,30.099998,3871.4873,7555.6797
United States,1998,43.929485,55.042374,30.127665,56.699997,3825.8079,7390.1997
United States,1999,43.91323,54.858685,30.602076,49.6,3795.3318,7371.8203
United States,2000,42.208855,53.144703,28.415113,29.300001,3842.4885,7451.99
United States,2001,42.871597,53.835392,29.273283,58.800003,3810.576,7398.6807
United States,2002,43.35439,54.26961,30.09734,51.1,3769.18,7230.56
United States,2003,43.134846,54.226707,29.342573,34.800003,3826.6355,7407.2305
United States,2004,42.406353,53.353474,28.930765,54.8,3783.5818,7339.66
United States,2005,43.000607,53.799397,29.682844,40.6,3799.963,7314.0503
United States,2006,44.232914,55.45959,30.457338,39.2,3851.7388,7424.45
United States,2007,43.37059,54.392406,29.73882,69.7,3780.5925,7270.54
United States,2008,42.559673,53.30454,29.009705,77.200005,3791.7996,7336.4795
United States,2009,43.678993,54.667336,30.280052,83.399994,3787.4722,7305.34
United States,2010,43.717484,54.89345,30.35427,83.3,3844.442,7377.9297
United States,2011,43.513546,54.457256,30.0606,30.8,3830.6956,7406.0107
United States,2012,42.16754,52.634212,29.059376,47.9,3838.746,7374.8906
United States,2013,43.877262,55.138046,29.811804,49.2,3866.899,7540.01
United States,2014,43.213234,54.192924,29.652023,40.800003,3809.763,7400.21
United States,2015,43.787735,54.77879,30.076626,56.100002,3777.0994,7354.92
United States,2016,44.74519,55.6212,31.24151,43.3,3810.416,7351.6104
United States,2017,43.722786,54.012062,31.758883,80.8,3652.5767,7150.74
United States,2018,43.42629,53.85401,31.413433,94.8,3613.8394,7033.52
United States,2019,43.414093,53.577106,31.63979,78.2,3606.924,6971.85
United States,2020,43.431595,53.7119,31.337063,46.699997,3681.5532,7207.8403
Vietnam,1995,72.73679,81.24535,66.78986,1625.5,3538.4475,6745.6895
Vietnam,1996,72.37984,80.53678,66.90522,1910.7,3473.36,6598.38
Vietnam,1997,72.6105,80.920364,66.94176,1629.7,3549.0867,6774.5
Vietnam,1998,74.601135,82.93315,68.848526,1659.6001,3463.0884,6674.22
Vietnam,1999,72.10489,79.66653,67.147156,1680.4,3361.3674,6369.36
Vietnam,2000,72.551834,80.35457,67.35841,1749.6,3377.0027,6422.2
Vietnam,2001,72.89722,81.01677,67.38215,1364.3,3510.6184,6624.55
Vietnam,2002,73.29587,81.71113,67.63908,1561.7,3517.675,6669.51
Vietnam,2003,73.04997,81.63173,67.26403,1267.9,3530.4612,6737.49
Vietnam,2004,72.94228,82.08744,66.68391,1084.5,3675.2737,6987.57
Vietnam,2005,73.175,81.37381,67.55253,1555.2002,3436.0283,6547.01
Vietnam,2006,73.2279,81.66403,67.45414,1613.3999,3504.6091,6681.02
Vietnam,2007,72.80196,81.0365,67.32025,1889.9999,3373.5266,6462.8994
Vietnam,2008,71.89613,79.607765,66.853096,1570.0999,3398.4968,6399.8403
Vietnam,2009,72.46188,80.32143,67.212746,2474.2002,3339.5862,6289.85
Vietnam,2010,74.165596,82.64516,68.30532,1829.7,3475.2532,6649.04
Vietnam,2011,71.88598,79.80683,66.83055,1860.5,3367.7053,6262.54
Vietnam,2012,73.184906,81.137024,67.931366,1690.4,3464.0786,6418.2397
Vietnam,2013,72.57534,80.61485,67.33407,2243.9,3251.2112,6264.6396
Vietnam,2014,72.76716,81.015045,67.086,1604.2001,3505.2625,6604.71
Vietnam,2015,73.559746,82.11478,67.66989,1358.4,3540.0544,6797.08
Vietnam,2016,74.21078,82.22041,68.67989,1716.0,3487.4448,6546.8496
Vietnam,2017,72.418434,80.49987,66.9651,1418.8,3385.9534,6465.1997
Vietnam,2018,72.39661,80.91781,66.617676,1371.6,3501.0125,6783.4795
Vietnam,2019,72.83033,81.37275,66.84699,1388.0,3676.6438,7053.0
Vietnam,2020,73.31431,82.262634,67.05559,1801.0,3620.9119,7038.4897
